model,brand,price,rating,ratings_count,reviews_count,ram,rom,battery,display_inch,rear_camera,front_camera,processor
"Samsung Galaxy S26 Ultra 5G (Cobalt Violet, 512 GB)",Samsung,129999,4.5,189,19,12,512,5000,6.9,200MP + 50MP,12MP,Snapdragon 8 Elite Gen 5 Processor
"Samsung Galaxy S26 5G (Sky Blue, 256 GB)",Samsung,87999,4.6,60,6,12,256,4300,6.3,50MP + 12MP,12MP,2600 Processor
"realme P4x 5G (Matte Silver, 128 GB)",realme,16999,4.4,174,680,6,128,7000,6.72,50MP + 2MP,8MP,Dimensity 7400 Ultra Processor
"Ai+ Pulse 1 (Blue, 64 GB)",Ai+,7499,4.3,330,794,4,64,5000,6.745,50MP,5MP,T615 Processor
"Samsung Galaxy S26+ 5G (Cobalt Violet, 512 GB)",Samsung,139999,0,0,0,12,512,4900,6.7,50MP + 12MP,12MP,2600 Processor
"IQOO Z10 5G (Glacier Silver / Silver, 128 GB)",IQOO,23679,4.4,100,291,8,128,7300,6.7,50MP,0,0
"REDMI A5 (Just Black, 128 GB)",REDMI,8999,4.2,349,253,4,128,5200,6.88,32MP,8MP,T7250 Processor
"IQOO Z10 Lite 5G (Cyber Green, 128 GB)",IQOO,13690,4.2,952,124,4,128,6000,6.74,50MP,0,0
"Ai+ Pulse 1 (Black, 128 GB)",Ai+,8499,4.1,426,471,6,128,5000,6.745,50MP,5MP,T615 Processor
"IQOO Z10X 5G (Ultramarine, 128 GB)",IQOO,17190,4.4,467,518,6,128,6500,6.7,50MP,0,0
"realme P4x 5G (Lake Green, 128 GB)",realme,16999,4.4,174,680,6,128,7000,6.72,50MP + 2MP,8MP,Dimensity 7400 Ultra Processor
"REDMI A4 (Sparkle Purple, 128 GB)",REDMI,12494,4.3,41,653,4,128,5160,6.88,50MP,0,0
"Ai+ Pulse 2 (Green, 64 GB)",Ai+,7499,4.6,14,76,4,64,6000,6.745,50MP,8MP,T7250 Processor
"REDMI A5 (Pondicherry Blue, 64 GB)",REDMI,7999,4.1,745,361,3,64,5200,6.88,32MP,8MP,T7250 Processor
"vivo T5x 5G (Star Silver, 128 GB)",vivo,20999,4.6,365,85,8,128,7200,6.76,50MP + 2MP,32MP,Dimensity 7400-Turbo Processor
"MOTOROLA g06 power (Pantone tapestry, 64 GB)",MOTOROLA,8999,4.3,774,682,4,64,7000,6.88,50MP,8MP,Helio G81 Processor
"Samsung Galaxy F06 5G (Lit Violet, 128 GB)",Samsung,10999,4.2,407,718,4,128,5000,6.7,50MP + 2MP,8MP,Dimensity 6300 Processor
"REDMI A5 (Pondicherry Blue, 128 GB)",REDMI,8999,4.2,349,253,4,128,5200,6.88,32MP,8MP,T7250 Processor
"REDMI A5 (Jaisalmer Gold, 64 GB)",REDMI,7999,4.1,745,361,3,64,5200,6.88,32MP,8MP,T7250 Processor
"IQOO Z10R 5G (Aquamarine, 128 GB)",IQOO,22400,4.4,650,264,8,128,5700,6.77,50MP,0,0
Kechaoda A27,Kechaoda,899,4,646,881,32,32,800,0.66,0MP,0MP,NA Processor
"Ai+ Nova 5G (Pink, 128 GB)",Ai+,10999,3.9,39,490,8,128,5000,6.745,50MP,5MP,T8200 Processor
"Ai+ Pulse 1 (Black, 64 GB)",Ai+,7499,4.3,330,794,4,64,5000,6.745,50MP,5MP,T615 Processor
"Ai+ Nova 5G (Purple, 128 GB)",Ai+,9999,4.2,597,815,6,128,5000,6.745,50MP,5MP,T8200 Processor
LAVA A2 Smart,LAVA,1199,4,904,53,4,24,1200,2.4,1.3MP + 0MP,0MP,Mtk Processor
HOTLINE V63,HOTLINE,463,3.6,481,78,32,32,1000,1.8,1MP,0,0
"realme P4x 5G (Lake Green, 256 GB)",realme,19999,4.4,580,274,8,256,7000,6.72,50MP + 2MP,8MP,Dimensity 7400 Ultra Processor
"Nokia 105 Classic Single Sim Keypad Phone, Without Charger",Nokia,994,4,92,442,32,32,800,1.77,0MP Front Camera,0,SC6531E Processor
"IQOO Z10 5G (Stellar Black / Black, 128 GB)",IQOO,23649,4.4,100,291,8,128,7300,6.7,50MP,0,0
"IQOO Z10R 5G (Aquamarine, 256 GB)",IQOO,24657,4.4,650,264,8,256,5700,6.77,50MP,0,0
"IQOO Z10 Lite 5G (Titanium Blue, 128 GB)",IQOO,13899,4.2,952,124,4,128,6000,6.74,50MP,0,0
"REDMI A5 (Just Black, 64 GB)",REDMI,7999,4.1,745,361,3,64,5200,6.88,32MP,8MP,T7250 Processor
"IQOO Z10X 5G (Titanium, 128 GB)",IQOO,17297,4.4,467,518,6,128,6500,6.7,50MP,0,0
Kechaoda K115,Kechaoda,970,4.1,15,732,32,32,850,1.44,0.3MP + 0MP,0MP,NA Processor
"Ai+ Nova 5G (Sparkle Red, 128 GB)",Ai+,9999,4.2,597,815,6,128,5000,6.745,50MP,5MP,T8200 Processor
"IQOO Z10X 5G (Ultramarine, 256 GB)",IQOO,20490,4.4,946,267,8,256,6500,6.7,50MP,0,0
"OPPO K14x 5G (Prism Violet, 64 GB)",OPPO,12999,4.6,767,482,4,64,6500,6.75,50MP + 2MP,5MP; f/2.2; FOV 77°; 3P lens,Dimensity 6300 Processor
Kechaoda K115,Kechaoda,999,4.1,15,732,32,32,850,1.44,0.3MP,0,0
"Ai+ Pulse 1 (Sparkle Red, 64 GB)",Ai+,7499,4.3,330,794,4,64,5000,6.745,50MP,5MP,T615 Processor
"MOTOROLA g57 power 5G (Pantone Regatta, 128 GB)",MOTOROLA,14999,4.4,574,671,8,128,7000,6.72,50MP + 8MP,8MP,6s Gen 4 Processor
"Samsung Galaxy F70e 5G (Spotlight Blue, 128 GB)",Samsung,14499,4.2,544,51,6,128,6000,6.74,50MP + 2MP,8MP,Dimensity 6300 Processor
"IQOO Z10X 5G (Ultramarine, 128 GB)",IQOO,17962,4.4,946,267,8,128,6500,6.7,50MP,0,0
"MOTOROLA g06 power (Pantone Tendril, 64 GB)",MOTOROLA,8999,4.3,774,682,4,64,7000,6.88,50MP,8MP,Helio G81 Processor
"Ai+ Pulse 1 (Green, 128 GB)",Ai+,8499,4.1,426,471,6,128,5000,6.745,50MP,5MP,T615 Processor
"vivo T5x 5G (Cyber Green, 256 GB)",vivo,22999,4.6,365,85,8,256,7200,6.76,50MP + 2MP,32MP,Dimensity 7400-Turbo Processor
"MOTOROLA g35 5G (Midnight Black, 128 GB)",MOTOROLA,11999,4.2,671,860,4,128,5000,6.72,50MP + 8MP,16MP,T760 Processor
"MOTOROLA g57 power 5G (Pantone Corsair, 128 GB)",MOTOROLA,14999,4.4,574,671,8,128,7000,6.72,50MP + 8MP,8MP,6s Gen 4 Processor
"REDMI A5 (Jaisalmer Gold, 128 GB)",REDMI,8999,4.2,349,253,4,128,5200,6.88,32MP,8MP,T7250 Processor
"Ai+ Pulse 1 (Pink, 128 GB)",Ai+,8499,4.1,426,471,6,128,5000,6.745,50MP,5MP,T615 Processor
"realme Narzo 80 Lite 4G (Beach Gold, 128 GB)",realme,10639,4.3,198,103,6,128,6300,6.74,32MP,0,0
"POCO C85x (Elite Black, 64 GB)",POCO,10999,4.5,151,11,4,64,6300,6.9,32MP,0,T8300 Processor
"POCO C71 (Cool Blue, 128 GB)",POCO,9799,4.1,255,685,6,128,5200,6.88,32MP,8MP,"Unisoc T7250
Max clock speed: 
2 x A75@1.8GHz
6 x A55@1.6GHz Processor"
"MOTOROLA g06 power (Pantone Laurel Oak, 64 GB)",MOTOROLA,8999,4.3,774,682,4,64,7000,6.88,50MP,8MP,Helio G81 Processor
Jmax 07,Jmax,777,4,40,1,32,32,800,1.2,0,0,0
"MOTOROLA g35 5G (Leaf Green, 128 GB)",MOTOROLA,12999,4.2,350,602,8,128,5000,6.72,50MP + 8MP,16MP,T760 Processor
"POCO C75 5G (Aqua Bliss, 64 GB)",POCO,10999,4.2,204,932,4,64,5160,6.88,50MP,5MP,4s Gen 2 5G Processor
HOTLINE HC56,HOTLINE,480,3.7,206,98,32,32,3000,1.8,1MP,0,0
"Samsung Galaxy F07 (Green, 64 GB)",Samsung,8399,4.3,15,279,4,64,5000,6.7,50MP + 2MP,8MP,Helio G99 Processor
"MOTOROLA Edge 70 Fusion (Pantone COUNTRY AIR, 128 GB)",MOTOROLA,26999,4.4,100,211,8,128,7000,6.8,50MP + 13MP,32MP,Snapdragon 7s Gen 4 Processor
"POCO M7 Pro 5G (Lunar Dust, 128 GB)",POCO,13999,4.3,36,836,6,128,5110,6.67,50MP + 2MP,20MP,Dimensity 7025 Ultra Processor
"MOTOROLA g67 power 5G (Pantone Parachute, 128 GB)",MOTOROLA,16999,4.4,928,649,8,128,7000,6.7,50MP + 8MP,32MP,7s Gen 2 Processor
"Samsung M06 5G (Blazing Black, 128 GB)",Samsung,11499,4.1,284,73,4,128,5000,6.7,50MP,0,0
"Ai+ Nova 5G (Sparkle Red, 128 GB)",Ai+,10999,3.9,39,490,8,128,5000,6.745,50MP,5MP,T8200 Processor
LAVA A1 Josh,LAVA,1003,4.2,22,143,4,2,1000,2,0MP,0MP,Mtk Processor
"vivo T5x 5G (Star Silver, 256 GB)",vivo,22999,4.6,365,85,8,256,7200,6.76,50MP + 2MP,32MP,Dimensity 7400-Turbo Processor
"Samsung M06 5G (Sage Green, 128 GB)",Samsung,11236,4.1,284,73,4,128,5000,6.7,50MP,0,0
"POCO M7 Plus 5G (Chrome Silver, 128 GB)",POCO,13999,4.1,312,168,4,128,7000,6.9,50MP,0,Snapdragon 6s Gen 3 5G Processor
"Nokia 106 Single Sim Keypad Phone with Built-in UPI App, MP3 Player",Nokia,1249,3.8,243,435,32,32,1000,6.7,0,0,SC6531E Processor
itel it5330 | 2.8 inch Big Display | 1900 mAh Battery | Kingvoice,itel,1579,4.1,368,512,32,32,1900,2.8,0.8MP + 0MP,0MP,Unisoc Processor
Jmax Super 1,Jmax,599,3.8,695,180,32,32,1100,1.8,0.3MP,0,0
"OPPO K14x 5G (Icy Blue, 64 GB)",OPPO,12999,4.6,767,482,4,64,6500,6.75,50MP + 2MP,5MP; f/2.2; FOV 77°; 3P lens,Dimensity 6300 Processor
"POCO M7 5G (Ocean Blue, 128 GB)",POCO,13499,4.3,955,833,8,128,5160,6.88,50MP,8MP,4 Gen 2 5G Processor
"IQOO Z10 Lite 5G (Cyber Green, 128 GB)",IQOO,15998,4.3,948,163,6,128,6000,6.74,50MP,0,0
Kechaoda A27,Kechaoda,899,4,646,881,32,32,800,1.68,0MP Front Camera,0,0
"MOTOROLA g05 (Forest Green, 64 GB)",MOTOROLA,7299,4.2,7,871,4,64,5100,6.67,50MP,8MP,Helio G81 Processor
"hmd 105 Dual Sim Keypad Phone with Built-in UPI App, Wireless FM Radio",hmd,1009,3.8,897,353,4,4,1000,2,0,0,SC6531E Processor
Kechaoda A26_Pink,Kechaoda,899,4,560,69,32,16,800,0.66,0MP,0MP,NA Processor
Nokia All-New 105 Single Sim Keypad Phone with Built-in UPI Payments,Nokia,1264,3.7,843,881,32,32,1000,1.77,0MP,0MP,SC6531E Processor
"Samsung Galaxy F06 5G (Bahama Blue, 128 GB)",Samsung,10999,4.2,407,718,4,128,5000,6.7,50MP + 2MP,8MP,Dimensity 6300 Processor
"Samsung Galaxy F06 5G (Lit Violet, 64 GB)",Samsung,9999,4.2,407,718,4,64,5000,6.7,50MP + 2MP,8MP,Dimensity 6300 Processor
HOTLINE H310,HOTLINE,470,3.5,701,497,32,32,1000,1.8,0.3MP,0,0
Kechaoda A26,Kechaoda,894,4,724,654,32,32,800,0.66,0,0,0
"IQOO Z10R 5G (Moonstone, 128 GB)",IQOO,22351,4.4,650,264,8,128,5700,6.77,50MP,0,0
KARBONN K9,KARBONN,1297,4.2,264,13,32,32,1800,2.4,2MP + 0MP,0MP,NA Processor
"IQOO Z11x 5G (Titan Black, 256 GB)",IQOO,23463,4.4,32,8,8,256,7200,6.7,50MP,0,0
LAVA A3 Torch,LAVA,1199,4.1,828,47,4,32,1750,1.8,0.3MP + 0MP,0MP,Mtk Processor
"POCO C85 5G (Power Black, 128 GB)",POCO,11999,4.3,401,21,4,128,6000,6.9,50MP,8MP,Dimensity 6300 Processor
"Ai+ Pulse 2 (Purple, 64 GB)",Ai+,7499,4.6,14,76,4,64,6000,6.745,50MP,8MP,T7250 Processor
"vivo T5x 5G (Star Silver, 128 GB)",vivo,18999,4.6,606,72,6,128,7200,6.76,50MP + 2MP,32MP,Dimensity 7400-Turbo Processor
"realme Narzo 80 Lite 5G (Onyx Black, 128 GB)",realme,13262,4.3,407,68,4,128,6000,6.67,32MP,0,0
MOTOROLA Moto A100,MOTOROLA,999,4,69,2,4,36,800,1.44,0MP,0MP,Mtk Processor
"OnePlus Nord CE5 5G (Black Infinity, 128 GB)",OnePlus,26276,4.5,92,548,8,128,7100,6.77,50MP,0,0
"Nokia 105 Single SIM, Keypad Mobile Phone with Wireless FM Radio",Nokia,1236,4,480,898,32,32,800,1.77,0MP Front Camera,0,SC6531E Processor
HOTLINE H1282,HOTLINE,539,3.5,191,46,32,32,1000,1.8,0.3MP,0,0
Kechaoda K112,Kechaoda,1699,4,179,837,32,64,3600,2.4,0.3MP + 0MP,0MP,"MediaTek MT6261D
Number of cores: 1
GPU: - Processor"
"Nokia 105 Classic Single Sim Keypad Phone, Charger in-Box",Nokia,1179,3.6,708,427,32,32,800,1.77,0MP Front Camera,0,SC6531E Processor
Kechaoda K115,Kechaoda,999,4.1,15,732,32,32,850,1.44,0.3MP + 0MP,0MP,NA Processor
"IQOO Z11x 5G (Prismatic Green, 128 GB)",IQOO,19495,4.4,34,2,6,128,7200,6.7,50MP,0,0
"MOTOROLA Edge 60 Fusion 5G (PANTONE Slipstream, 128 GB)",MOTOROLA,20999,4.4,128,790,8,128,5500,6.67,50MP + 13MP,32MP,Dimensity 7400 Processor
Kechaoda K115,Kechaoda,922,4.1,15,732,32,32,850,1.44,0.3MP + 0MP,0MP,NA Processor
"OPPO K13 5G with 7000mAh and 80W SUPERVOOC Charger In-The-Box (Icy Purple, 256 GB)",OPPO,24999,4.5,667,43,8,256,7000,6.67,50MP + 2MP,16MP,Snapdragon 6 Gen 4 Processor
"IQOO Z10R 5G (Moonstone, 256 GB)",IQOO,26920,4.3,700,41,12,256,5700,6.77,50MP,0,0
HOTLINE H310,HOTLINE,493,3.5,701,497,32,32,100,1.8,0.3MP,0,0
"realme P4 Lite (Beach Gold, 128 GB)",realme,10499,4.4,859,17,4,128,6300,6.75,13MP,5MP,T7250 Processor
"IQOO Z11x 5G (Prismatic Green, 128 GB)",IQOO,20334,4.4,32,8,8,128,7200,6.7,50MP,0,0
"MOTOROLA g35 5G (Guava Red, 128 GB)",MOTOROLA,11999,4.2,671,860,4,128,5000,6.72,50MP + 8MP,16MP,T760 Processor
"Samsung Galaxy F06 5G (Lit Violet, 128 GB)",Samsung,12499,4.2,242,534,6,128,5000,6.7,50MP + 2MP,8MP,Dimensity 6300 Processor
"Ai+ Nova 5G (Blue, 128 GB)",Ai+,10999,3.9,39,490,8,128,5000,6.745,50MP,5MP,T8200 Processor
HOTLINE H310,HOTLINE,499,3.5,701,497,32,32,1000,1.8,0.3MP,0,0
"MOTOROLA Edge 70 Fusion (Pantone SILHOUETTE, 256 GB)",MOTOROLA,29999,4.4,100,211,8,256,7000,6.8,50MP + 13MP,32MP,Snapdragon 7s Gen 4 Processor
"realme P4x 5G (Matte Silver, 128 GB)",realme,17999,4.4,580,274,8,128,7000,6.72,50MP + 2MP,8MP,Dimensity 7400 Ultra Processor
"MOTOROLA g35 5G (Leaf Green, 128 GB)",MOTOROLA,11999,4.2,671,860,4,128,5000,6.72,50MP + 8MP,16MP,T760 Processor
"realme P4 Lite (Beach Gold, 64 GB)",realme,8499,4.4,859,17,4,64,6300,6.75,13MP,5MP,T7250 Processor
"OnePlus Nord CE5 5G (Nexus Blue, 256 GB)",OnePlus,30940,4.5,92,548,8,256,7100,6.77,50MP,0,0
"Ai+ Nova 5G (Green, 128 GB)",Ai+,10999,3.9,39,490,8,128,5000,6.745,50MP,5MP,T8200 Processor
MOTOROLA Moto A300,MOTOROLA,1319,4.1,65,54,4,32,1000,2,1.3MP + 0MP,0MP,Mtk Processor
"Apple iPhone 16 (White, 128 GB)",Apple,64900,4.6,721,974,0,0,0,6.1,48MP + 12MP,12MP,"A18 Chip, 6 Core Processor Processor"
"MOTOROLA G86 Power 5G (Pantone Golden Cypress, 128 GB)",MOTOROLA,17999,4.3,379,66,8,128,6720,6.7,50MP + 8MP,32MP,Dimensity 7400 Processor
"OnePlus Nord CE5 5G (Marble Mist, 128 GB)",OnePlus,26239,4.5,92,548,8,128,7100,6.77,50MP,0,0
"vivo T4 Pro 5G (Blaze Gold, 256 GB)",vivo,29999,4.5,153,220,8,256,6500,6.77,50MP + 2MP + 50MP,32MP,7 Gen 4 Processor
"Samsung Galaxy F70e 5G (Spotlight Blue, 128 GB)",Samsung,12999,4.2,409,34,4,128,6000,6.74,50MP + 2MP,8MP,Dimensity 6300 Processor
"Google Pixel 9A (Obsidian, 256 GB)",Google,49999,4.5,195,611,8,256,5100,6.285,48MP + 12MP,12MP,Tensor G4 Processor
"IQOO Z11x 5G (Prismatic Green, 256 GB)",IQOO,23471,4.4,32,8,8,256,7200,6.7,50MP,0,0
"vivo T4 Pro 5G (Blaze Gold, 256 GB)",vivo,31999,4.5,80,336,12,256,6500,6.77,50MP + 2MP + 50MP,32MP,7 Gen 4 Processor
"vivo T4 Pro 5G (Nitro Blue, 256 GB)",vivo,31999,4.5,80,336,12,256,6500,6.77,50MP + 2MP + 50MP,32MP,7 Gen 4 Processor
"Samsung Galaxy F36 5G (Black, 128 GB)",Samsung,16999,4.3,499,696,6,128,5000,6.7,50MP + 8MP + 2MP,13MP,Samsung Exynos 1380 Processor
"Nothing Phone (4a) (Blue, 256 GB)",Nothing,34999,4.5,433,202,8,256,5400,6.78,50MP + 50MP + 8MP,32MP,Snapdragon 7s Gen 4 Processor
"Tecno Pova 7 5G (Oasis Green, 128 GB)",Tecno,14999,4.4,949,750,8,128,6000,6.78,50MP + AI,13MP,Dimensity 7300 Ultimate Processor
"Tecno Pova 7 5G (Geek Black, 128 GB)",Tecno,14999,4.4,949,750,8,128,6000,6.78,50MP + AI,13MP,Dimensity 7300 Ultimate Processor
MOTOROLA Moto A100,MOTOROLA,999,4.1,112,6,36,36,800,1.44,0MP,0MP,Mtk Processor
"realme P3 Lite 5G (Jade Green, 128 GB)",realme,12999,4.3,264,516,4,128,6000,6.67,32MP,8MP,Dimensity 6300 Processor
"MOTOROLA G96 5G (Pantone Cattleya Orchid, 128 GB)",MOTOROLA,18999,4.4,598,813,8,128,5500,6.67,50MP + 8MP,32MP,7s Gen 2 Processor
"realme P3 Lite 5G (Onyx Black, 128 GB)",realme,12999,4.3,264,516,4,128,6000,6.67,32MP,8MP,Dimensity 6300 Processor
"POCO C61  - Locked with Airtel Prepaid (Mystical Green, 64 GB)",POCO,7499,4.2,827,727,4,64,5000,6.71,8MP,5MP,Helio G36 Processor
Kechaoda K115,Kechaoda,999,4.1,15,732,32,32,850,1.44,0.3MP + 0MP,0MP,NO Processor
MOTOROLA Moto A300,MOTOROLA,1315,4.1,65,54,4,32,1000,2,1.3MP + 0MP,0MP,Mtk Processor
"OPPO K14 5G (Icy Blue, 128 GB)",OPPO,17999,4.6,110,0,6,128,7000,6.75,50MP,8MP,Dimensity 6300 Processor
"Nothing Phone (4a) (White, 256 GB)",Nothing,37999,4.6,376,26,12,256,5400,6.78,50MP + 50MP + 8MP,32MP,Snapdragon 7s Gen 4 Processor
"Nothing Phone (4a) (White, 256 GB)",Nothing,34999,4.5,433,202,8,256,5400,6.78,50MP + 50MP + 8MP,32MP,Snapdragon 7s Gen 4 Processor
"POCO C85 5G (Mystic Purple, 128 GB)",POCO,12999,4.3,485,22,6,128,6000,6.9,50MP,8MP,Dimensity 6300 Processor
"MOTOROLA Edge 70 (PANTONE Gadget Gray, 256 GB)",MOTOROLA,29999,4.4,517,228,8,256,5000,6.7,50MP + 50MP,50MP,Snapdragon® 7 Gen 4 Processor
"vivo T4x 5G (Pronto Purple, 128 GB)",vivo,18999,4.4,552,671,8,128,6500,6.72,50MP + 2MP,8MP,Dimensity 7300 5G Processor
"OnePlus 15R 5G (Charcoal Black, 512 GB)",OnePlus,52778,4.6,832,51,12,512,7400,6.83,50MP,0,0
Kechaoda K112,Kechaoda,1625,4,179,837,32,64,3600,2.4,0.3MP + 0MP,0MP,No Processor
"POCO M7 5G (Mint Green, 128 GB)",POCO,12499,4.1,989,637,6,128,5160,6.88,50MP,8MP,4 Gen 2 5G Processor
"Ai+ Nova 5G (Blue, 128 GB)",Ai+,9999,4.2,597,815,6,128,5000,6.745,50MP,5MP,T8200 Processor
Kechaoda A26_black,Kechaoda,889,4,112,146,32,16,800,0.66,0MP,0MP,NA Processor
"realme P4 Lite (Sea Blue, 128 GB)",realme,10499,4.4,859,17,4,128,6300,6.75,13MP,5MP,T7250 Processor
"POCO M7 Pro 5G (Olive Twilight, 128 GB)",POCO,13999,4.3,36,836,6,128,5110,6.67,50MP + 2MP,20MP,Dimensity 7025 Ultra Processor
"vivo T4x 5G (Glacial Teal, 256 GB)",vivo,20999,4.4,552,671,8,256,6500,6.72,50MP + 2MP,8MP,Dimensity 7300 5G Processor
"OPPO K13 Turbo Pro 5G (Purple Phantom, 256 GB)",OPPO,36999,4.5,461,42,12,256,7000,6.8,50MP + 2MP,16MP,8s Gen 4 Mobile Platform Processor
"OnePlus 15R 5G (Mint Breeze, 256 GB)",OnePlus,47745,4.6,832,51,12,256,7400,6.83,50MP,0,0
"Apple iPhone 17 Pro (Silver, 256 GB)",Apple,134900,4.7,999,77,0,0,0,6.3,48MP + 48MP + 48MP,18MP,"A19 Chip, 6 Core Processor Processor"
"OnePlus Nord 5 (Phantom Grey, 256 GB)",OnePlus,34728,4.5,16,129,8,256,6800,6.83,50MP + 50MP + 8MP,50MP,Qualcomm® Snapdragon™ 8s Gen 3 Mobile Platform Processor
"Ai+ Pulse 1 (Green, 64 GB)",Ai+,7499,4.3,330,794,4,64,5000,6.745,50MP,5MP,T615 Processor
"Nothing Phone (4a) (Black, 256 GB)",Nothing,34999,4.5,433,202,8,256,5400,6.78,50MP + 50MP + 8MP,32MP,Snapdragon 7s Gen 4 Processor
"OPPO K14 5G (Prism White, 128 GB)",OPPO,17999,4.6,110,0,6,128,7000,6.75,50MP,8MP,Dimensity 6300 Processor
"OPPO K14 5G (Icy Blue, 256 GB)",OPPO,19999,4.6,110,0,6,256,7000,6.75,50MP,8MP,Dimensity 6300 Processor
"Nothing Phone (3a) Lite (Black, 256 GB)",Nothing,23999,4.5,449,83,8,256,5000,0,50MP + 8MP + 2MP,16MP,MediaTek Dimensity 7300 Pro Processor
"Nothing Phone (3a) Lite (Black, 128 GB)",Nothing,21999,4.5,449,83,8,128,5000,0,50MP + 8MP + 2MP,16MP,MediaTek Dimensity 7300 Pro Processor
"Nothing Phone (3a) Lite (White, 128 GB)",Nothing,21999,4.5,449,83,8,128,5000,0,50MP + 8MP + 2MP,16MP,MediaTek Dimensity 7300 Pro Processor
"Samsung M36 5G (Light Green, 128 GB)",Samsung,16113,4.3,428,135,6,128,5000,6.7,50MP,0,0
"Infinix GT 30 5G+ Pulse Green 128 (Pulse Green, 128 GB)",Infinix,19499,4.5,579,34,8,128,5500,6.78,64MP + 8MP,13MP,Dimensity 7400 Processor
"MOTOROLA G86 Power 5G (Pantone Cosmic Sky, 128 GB)",MOTOROLA,17999,4.3,379,66,8,128,6720,6.7,50MP + 8MP,32MP,Dimensity 7400 Processor
"Nothing Phone (3a) Lite (Blue, 128 GB)",Nothing,21999,4.5,449,83,8,128,5000,0,50MP + 8MP + 2MP,16MP,MediaTek Dimensity 7300 Pro Processor
"vivo T4R 5G (Arctic White, 256 GB)",vivo,24999,4.5,21,812,8,256,5700,6.77,50MP (OIS) + 2MP,32MP,Dimensity 7400 5G Processor
"vivo T4R 5G (Twilight Blue, 256 GB)",vivo,24999,4.5,21,812,8,256,5700,6.77,50MP (OIS) + 2MP,32MP,Dimensity 7400 5G Processor
"MOTOROLA G96 5G (Pantone Dresden Blue, 256 GB)",MOTOROLA,19999,4.4,598,813,8,256,5500,6.67,50MP + 8MP,32MP,7s Gen 2 Processor
"Apple iPhone 16 (Ultramarine, 128 GB)",Apple,64900,4.6,721,974,0,0,0,6.1,48MP + 12MP,12MP,"A18 Chip, 6 Core Processor Processor"
"OPPO K13 Turbo Pro 5G (Purple Phantom, 256 GB)",OPPO,34999,4.4,294,19,8,256,7000,6.8,50MP + 2MP,16MP,8s Gen 4 Mobile Platform Processor
"OnePlus 15R 5G (Mint Breeze, 512 GB)",OnePlus,52530,4.6,832,51,12,512,7400,6.83,50MP,0,0
"OPPO K14 5G (Prism White, 256 GB)",OPPO,19999,4.6,110,0,6,256,7000,6.75,50MP,8MP,Dimensity 6300 Processor
"MOTOROLA Edge 60 Fusion 5G (PANTONE Amazonite, 256 GB)",MOTOROLA,22999,4.4,128,790,8,256,5500,6.67,50MP + 13MP,32MP,Dimensity 7400 Processor
"MOTOROLA Edge 60 Fusion 5G (PANTONE Zephyr, 128 GB)",MOTOROLA,20999,4.4,128,790,8,128,5500,6.67,50MP + 13MP,32MP,Dimensity 7400 Processor
"Nothing Phone (3a) Lite (White, 256 GB)",Nothing,23999,4.5,449,83,8,256,5000,0,50MP + 8MP + 2MP,16MP,MediaTek Dimensity 7300 Pro Processor
"Nothing Phone (3a) Lite (Blue, 256 GB)",Nothing,23999,4.5,449,83,8,256,5000,0,50MP + 8MP + 2MP,16MP,MediaTek Dimensity 7300 Pro Processor
Jio Bharat V-4 -4g Phone,Jio,719,3.7,368,22,24,24,1000,1.77,0.3MP + 0.3MP,0,mediatek Processor
"Infinix GT 30 5G+ Cyber Blue 128 (Cyber Blue, 128 GB)",Infinix,19499,4.5,445,25,8,128,5500,6.78,64MP + 8MP,13MP,Dimensity 7400 Processor
"IQOO Z10 5G (Glacier Silver, 128 GB)",IQOO,23999,4.4,100,291,8,128,7300,6.7,50MP,0,0
"POCO X8 Pro Max (Blue, 256 GB)",POCO,42999,4.5,97,16,12,256,9000,6.83,50MP + 8MP,20MP,Dimensity 9500s Processor
"vivo T4R 5G (Twilight Blue, 256 GB)",vivo,26999,4.5,876,267,12,256,5700,6.77,50MP (OIS) + 2MP,32MP,Dimensity 7400 5G Processor
"vivo T4R 5G (Arctic White, 256 GB)",vivo,26999,4.5,876,267,12,256,5700,6.77,50MP (OIS) + 2MP,32MP,Dimensity 7400 5G Processor
"POCO C85x (Emerald Green, 128 GB)",POCO,11999,4.5,151,11,4,128,6300,6.9,32MP,0,T8300 Processor
"Ai+ Pulse 1 (Blue, 128 GB)",Ai+,8499,4.1,426,471,6,128,5000,6.745,50MP,5MP,T615 Processor
"realme P3 Lite 5G Charger in the Box (Purple Blossom, 128 GB)",realme,13999,4.4,865,629,6,128,6000,6.67,32MP,8MP,Dimensity 6300 Processor
"OnePlus 15R 5G (Charcoal Black, 256 GB)",OnePlus,47576,4.6,832,51,12,256,7400,6.83,50MP,0,0
Motorola Moto A10E,Motorola,1249,4,417,623,4,2,800,1.8,0MP,0MP,Mtk Processor
MOTOROLA Moto A200,MOTOROLA,1154,4,53,86,56,36,800,1.77,0MP,0MP,NA Processor
"POCO X7 5G (Cosmic Silver, 128 GB)",POCO,17999,4.3,646,285,8,128,5500,6.67,50MP + 8MP + 2MP,20MP,Dimensity 7300 Ultra Processor
"vivo T4R 5G (Twilight Blue, 128 GB)",vivo,22999,4.5,21,812,8,128,5700,6.77,50MP (OIS) + 2MP,32MP,Dimensity 7400 5G Processor
"POCO X7 5G (Cosmic Silver, 256 GB)",POCO,19999,4.3,646,285,8,256,5500,6.67,50MP + 8MP + 2MP,20MP,Dimensity 7300 Ultra Processor
"realme P3x 5G (Stellar Pink, 128 GB)",realme,13999,4.4,305,47,8,128,6000,6.72,50MP,8MP,Dimensity 6400 Processor
"POCO M7 5G (Satin Black, 128 GB)",POCO,12499,4.1,989,637,6,128,5160,6.88,50MP,8MP,4 Gen 2 5G Processor
"Nokia 2660 Flip 4G Dual SIM keypad Phone, Dual Screen, inbuilt MP3 Player",Nokia,4864,4.2,989,122,0,0,1450,2.8,0.3MP,0,0
"vivo T4R 5G (Arctic White, 128 GB)",vivo,22999,4.5,21,812,8,128,5700,6.77,50MP (OIS) + 2MP,32MP,Dimensity 7400 5G Processor
"Samsung Galaxy M56 5G (Black, 256 GB)",Samsung,26990,4.4,419,89,8,256,5000,6.7,50MP + 50MP + 8MP,12MP + 2MP Dual,OCTACORE Processor
"realme P3 Lite 5G Charger in the Box (Midnight Lily, 128 GB)",realme,13999,4.4,865,629,6,128,6000,6.67,32MP,8MP,Dimensity 6300 Processor
"Samsung Galaxy A55 5G (Awesome Iceblue, 256 GB)",Samsung,39999,4.3,800,55,12,256,5000,6.6,50MP + 12MP + 5MP,32MP,Exynos 1480 Processor
"OnePlus Nord CE5 5G (Black Infinity, 128 GB)",OnePlus,25904,4.5,92,548,8,128,7100,6.77,50MP,0,0
"vivo T4 Pro 5G (Nitro Blue, 256 GB)",vivo,29999,4.5,153,220,8,256,6500,6.77,50MP + 2MP + 50MP,32MP,7 Gen 4 Processor
"realme P3 Lite 5G Charger in the Box (Lily White, 128 GB)",realme,12999,4.3,264,516,4,128,6000,6.67,32MP,8MP,Dimensity 6300 Processor
"Samsung Galaxy A35 5G (Awesome Iceblue, 128 GB)",Samsung,19999,4.4,41,921,8,128,5000,6.6,50MP + 8MP + 5MP,13MP,Samsung Exynos 1380 Processor
"OPPO K14 5G (Prism Violet, 256 GB)",OPPO,19999,4.6,110,0,6,256,7000,6.75,50MP,8MP,Dimensity 6300 Processor
"realme P3x 5G (Lunar Silver, 128 GB)",realme,12999,4.4,430,948,6,128,6000,6.72,50MP,8MP,Dimensity 6400 Processor
"realme P3x 5G (Midnight Blue, 128 GB)",realme,13999,4.4,305,47,8,128,6000,6.72,50MP,8MP,Dimensity 6400 Processor
"POCO X8 Pro Max (White, 512 GB)",POCO,46999,4.5,97,16,12,512,9000,6.83,50MP + 8MP,20MP,Dimensity 9500s Processor
"Samsung Galaxy F06 5G (Bahama Blue, 128 GB)",Samsung,12499,4.2,242,534,6,128,5000,6.7,50MP + 2MP,8MP,Dimensity 6300 Processor
"vivo Y19e (Titanium Silver, 64 GB)",vivo,10999,4.3,969,119,4,64,5500,6.74,13MP + 0.08MP,5MP,T7225 Processor
"POCO X8 Pro (Black, 256 GB)",POCO,32999,4.5,158,28,8,256,6500,6.59,50MP + 8MP,20MP,Dimensity 8500-Ultra Processor
"OnePlus Nord CE5 5G (Nexus Blue, 128 GB)",OnePlus,26464,4.5,92,548,8,128,7100,6.77,50MP,0,0
"MOTOROLA Edge 60 Pro (Pantone Walnut, 256 GB)",MOTOROLA,29999,4.3,789,621,8,256,6000,6.7,50MP + 50MP + 10MP,50MP,Dimensity 8350 Processor
itel Ace 3 Shine,itel,895,4.1,689,70,4,4,1000,1.8,0,0,Unisoc Processor
"vivo T4 Ultra 5G (Phoenix Gold, 256 GB)",vivo,35999,4.5,177,559,8,256,5500,6.67,50MP + 8MP + 50MP Periscope,32MP,Dimensity 9300+ Processor
LAVA Gem 2025,LAVA,1677,4.1,538,288,4,32,2575,2.8,0.3MP + 0MP,0MP,Mtk Processor
"POCO M7 5G (Mint Green, 128 GB)",POCO,13499,4.3,955,833,8,128,5160,6.88,50MP,8MP,4 Gen 2 5G Processor
"Motorola g64 5G (Ice Lilac, 256 GB)",Motorola,15999,4.2,943,595,12,256,6000,6.5,50MP (OIS) + 8MP,16MP,Dimensity 7025 Processor
"Samsung Galaxy A06 5G (Light Gray, 64 GB)",Samsung,10798,4.1,244,198,4,64,5000,6.7,50MP + 50MP,8MP + 2MP Dual,mediatek Processor
itel Ace 3 Shine,itel,889,4.1,689,70,4,4,1000,1.8,0,0,Unisoc Processor
"Motorola g45 5G (Brilliant Blue, 128 GB)",Motorola,11999,4.3,460,507,8,128,5000,6.5,50MP + 2MP,16MP,Snapdragon 6s Gen 3 Processor
"vivo Y19e (Majestic Green, 64 GB)",vivo,10999,4.3,969,119,4,64,5500,6.74,13MP + 0.08MP,5MP,T7225 Processor
"Ai+ Pulse 1 (Purple, 64 GB)",Ai+,7499,4.3,330,794,4,64,5000,6.745,50MP,5MP,T615 Processor
"realme Narzo 80 Lite 5G (Crystal Purple, 128 GB)",realme,14880,4.3,321,345,6,128,6000,6.67,32MP,0,0
"POCO X7 Pro 5G (Obsidian Black, 256 GB)",POCO,25999,4.4,258,863,12,256,6550,6.67,50MP + 8MP,20MP,Dimensity D8400 Ultra Processor
"realme P4x 5G (Lake Green, 128 GB)",realme,17999,4.4,580,274,8,128,7000,6.72,50MP + 2MP,8MP,Dimensity 7400 Ultra Processor
"POCO M6 Plus 5G (Misty Lavender, 128 GB)",POCO,14499,4.2,803,134,8,128,5030,6.79,108MP + 2MP,13MP,Snapdragon 4 Gen2 AE Processor
"vivo T4 Ultra 5G (Meteor Grey, 256 GB)",vivo,37999,4.5,370,390,12,256,5500,6.67,50MP + 8MP + 50MP Periscope,32MP,Dimensity 9300+ Processor
"vivo T4 Ultra 5G (Meteor Grey, 256 GB)",vivo,35999,4.5,177,559,8,256,5500,6.67,50MP + 8MP + 50MP Periscope,32MP,Dimensity 9300+ Processor
"vivo T4 Ultra 5G (Meteor Grey, 512 GB)",vivo,39999,4.5,370,390,12,512,5500,6.67,50MP + 8MP + 50MP Periscope,32MP,Dimensity 9300+ Processor
"vivo T4 Ultra 5G (Phoenix Gold, 256 GB)",vivo,37999,4.5,370,390,12,256,5500,6.67,50MP + 8MP + 50MP Periscope,32MP,Dimensity 9300+ Processor
"vivo T4 Ultra 5G (Phoenix Gold, 512 GB)",vivo,39999,4.5,370,390,12,512,5500,6.67,50MP + 8MP + 50MP Periscope,32MP,Dimensity 9300+ Processor
"IQOO Z10X 5G (Titanium, 128 GB)",IQOO,18700,4.4,946,267,8,128,6500,6.7,50MP,0,0
"POCO C71 (Power Black, 128 GB)",POCO,9799,4.1,255,685,6,128,5200,6.88,32MP,8MP,"Unisoc T7250
Max clock speed: 
2 x A75@1.8GHz
6 x A55@1.6GHz Processor"
"POCO C85x (Sunset Gold, 64 GB)",POCO,10999,4.5,151,11,4,64,6300,6.9,32MP,0,T8300 Processor
"realme P4x 5G (Elegant Pink, 128 GB)",realme,17999,4.4,580,274,8,128,7000,6.72,50MP + 2MP,8MP,Dimensity 7400 Ultra Processor
"realme P3x 5G (Lunar Silver, 128 GB)",realme,13999,4.4,305,47,8,128,6000,6.72,50MP,8MP,Dimensity 6400 Processor
"POCO M6 Plus 5G (Graphite Black, 128 GB)",POCO,13968,4.2,803,134,8,128,5030,6.79,108MP + 2MP,13MP,Snapdragon 4 Gen2 AE Processor
"realme P4x 5G (Elegant Pink, 128 GB)",realme,16999,4.4,174,680,6,128,7000,6.72,50MP + 2MP,8MP,Dimensity 7400 Ultra Processor
"MOTOROLA Edge 70 Fusion (Pantone BLUE SURF, 128 GB)",MOTOROLA,26999,4.4,100,211,8,128,7000,6.8,50MP + 13MP,32MP,Snapdragon 7s Gen 4 Processor
"realme P3x 5G (Stellar Pink, 128 GB)",realme,12999,4.4,430,948,6,128,6000,6.72,50MP,8MP,Dimensity 6400 Processor
"realme P3 Lite 5G Charger in the Box (Midnight Lily, 128 GB)",realme,12999,4.3,264,516,4,128,6000,6.67,32MP,8MP,Dimensity 6300 Processor
"Ai+ Pulse 1 (Pink, 64 GB)",Ai+,7499,4.3,330,794,4,64,5000,6.745,50MP,5MP,T615 Processor
Kechaoda K-033 Pink,Kechaoda,999,4.3,16,0,32,32,800,1.44,0.3MP + 0MP,0MP,NA Processor
G'Five A6-C,G'Five,549,4,32,4,32,32,1150,1.8,0.3MP + 1MP,0,UNISOC Processor
"Acer Super ZX 5G (Cosmic Green,, 128 GB)",Acer,11499,4,356,32,6,128,5000,6.7,64MP,0,0
"MOTOROLA G96 5G (Pantone Dresden Blue, 128 GB)",MOTOROLA,18999,4.4,598,813,8,128,5500,6.67,50MP + 8MP,32MP,7s Gen 2 Processor
"POCO X7 Pro 5G (Yellow, 256 GB)",POCO,23999,4.3,580,888,8,256,6550,6.67,50MP + 8MP,20MP,Dimensity D8400 Ultra Processor
Jmax Super 2,Jmax,580,3.9,236,168,32,32,1100,1.8,0.3MP,0,0
Kechaoda K115,Kechaoda,999,4.1,15,732,32,32,850,1.44,0.3MP + 0.5MP,0MP,NA Processor
"OnePlus 13R 5G (Nebula Noir, 256 GB)",OnePlus,39699,4.5,615,332,12,256,6000,6.78,50MP,0,0
"Infinix Note 50s 5G+ (Marine Drift, 128 GB)",Infinix,19999,4.4,293,698,6,128,5500,6.78,64MP + 2MP,13MP,Dimensity 7300 Ultimate Processor
"Nothing Phone (4a) (Black, 256 GB)",Nothing,37999,4.6,376,26,12,256,5400,6.78,50MP + 50MP + 8MP,32MP,Snapdragon 7s Gen 4 Processor
Jio Bharat v4 black with upi,Jio,717,3.9,227,17,32,32,1000,4.5,0.3MP,0MP,NA Processor
"vivo T4 Lite 5G Charger in the Box (Prism Blue, 128 GB)",vivo,14999,4.4,548,983,6,128,6000,6.74,50MP + 2MP,5MP,Dimensity 6300 5G Processor
"vivo T4 Lite 5G Charger in the Box (Titanium Gold, 128 GB)",vivo,14999,4.4,548,983,6,128,6000,6.74,50MP + 2MP,5MP,Dimensity 6300 5G Processor
"vivo T4 Lite 5G Charger in the Box (Titanium Gold, 128 GB)",vivo,13999,4.4,866,408,4,128,6000,6.74,50MP + 2MP,5MP,Dimensity 6300 5G Processor
"vivo T4 Lite 5G Charger in the Box (Prism Blue, 128 GB)",vivo,13999,4.4,866,408,4,128,6000,6.74,50MP + 2MP,5MP,Dimensity 6300 5G Processor
"Samsung Galaxy M56 5G (Black, 128 GB)",Samsung,23449,4.4,419,89,8,128,5000,6.7,50MP + 50MP + 8MP,12MP + 2MP Dual,OCTACORE Processor
"realme Narzo 80 Lite 5G (Onyx Black, 128 GB)",realme,14878,4.3,321,345,6,128,6000,6.67,32MP,0,0
"realme Narzo 80 Lite 5G (Crystal Purple, 128 GB)",realme,13636,4.3,407,68,4,128,6000,6.67,32MP,0,0
"POCO C85x (Emerald Green, 64 GB)",POCO,10999,4.5,151,11,4,64,6300,6.9,32MP,0,T8300 Processor
"OnePlus 13R 5g (Astral Trail, 256 GB)",OnePlus,39999,4.5,615,332,12,256,6000,6.78,50MP,0,0
"MOTOROLA Edge 70 Fusion (Pantone COUNTRY AIR, 256 GB)",MOTOROLA,32999,4.4,472,40,12,256,7000,6.8,50MP + 13MP,32MP,Snapdragon 7s Gen 4 Processor
"MOTOROLA g35 5G (Guava Red, 128 GB)",MOTOROLA,12999,4.2,350,602,8,128,5000,6.72,50MP + 8MP,16MP,T760 Processor
"OPPO K13 Turbo 5G (Midnight Maverick, 128 GB)",OPPO,27999,4.5,415,571,8,128,7000,6.8,50MP + 2MP,16MP,Dimensity 8450 Processor
"REDMI A4 (Sparkle Purple, 64 GB)",REDMI,11780,4.3,41,653,4,64,5160,6.88,50MP,0,0
"Infinix Note 50s 5G+ (Titanium Grey, 128 GB)",Infinix,19999,4.4,293,698,6,128,5500,6.78,64MP + 2MP,13MP,Dimensity 7300 Ultimate Processor
"REDMI A4 (Starry Black, 64 GB)",REDMI,11780,4.3,41,653,4,64,5160,6.88,50MP,0,0
"POCO M8 (Glacial Blue, 128 GB)",POCO,17999,4.5,22,71,6,128,5520,6.77,50MP,20MP,0
"Samsung M36 5G (Serene Green / Light Green, 128 GB)",Samsung,17590,4.1,458,22,8,128,5000,6.7,50MP,0,0
"Infinix Note 50s 5G+ (Burgundy Red, 128 GB)",Infinix,19999,4.4,293,698,6,128,5500,6.78,64MP + 2MP,13MP,Dimensity 7300 Ultimate Processor
"MOTOROLA Edge 70 (PANTONE Bronze Green, 256 GB)",MOTOROLA,29999,4.4,517,228,8,256,5000,6.7,50MP + 50MP,50MP,Snapdragon® 7 Gen 4 Processor
"POCO C85 5G (Power Black, 128 GB)",POCO,12999,4.3,485,22,6,128,6000,6.9,50MP,8MP,Dimensity 6300 Processor
"Motorola G85 5G (Olive Green, 128 GB)",Motorola,15999,4.4,107,851,8,128,5000,6.67,50MP + 8MP,32MP,6s Gen 3 Processor
"Tecno Spark 30C 5G (Aurora Cloud, 128 GB)",Tecno,12999,4.3,259,16,8,128,5000,6.67,48MP,8MP,Dimensity 6300 5G Processor
"Samsung Galaxy A55 5G (Awesome Navy, 256 GB)",Samsung,36999,4.4,554,479,8,256,5000,6.6,50MP + 12MP + 5MP,32MP,Exynos 1480 Processor
"POCO M7 5G (Ocean Blue, 128 GB)",POCO,12499,4.1,989,637,6,128,5160,6.88,50MP,8MP,4 Gen 2 5G Processor
"Tecno Spark 30C 5G (Azure Sky, 128 GB)",Tecno,12999,4.3,259,16,8,128,5000,6.67,48MP,8MP,Dimensity 6300 5G Processor
"Samsung Galaxy F16 5G (Vibing Blue, 128 GB)",Samsung,15499,4.2,691,234,8,128,5000,6.657,50MP + 5MP + 2MP,13MP,Dimensity 6300 Processor
"realme Narzo 90 5G (Carbon Black, 128 GB)",realme,18680,4.4,283,18,6,128,7000,6.57,50MP,0,0
"realme Narzo 80 Lite 4G (Obsidian Black, 128 GB)",realme,10780,4.3,198,103,6,128,6300,6.74,32MP,0,0
"Samsung Galaxy S25 Ultra 5G (Titanium Silverblue, 256 GB)",Samsung,129999,4.6,725,279,12,256,5000,6.9,200MP + 50MP + 50MP + 10MP,12MP,8 Elite for Galaxy Processor
"OPPO K13 Turbo Pro 5G (Midnight Maverick, 256 GB)",OPPO,36999,4.5,461,42,12,256,7000,6.8,50MP + 2MP,16MP,8s Gen 4 Mobile Platform Processor
"Samsung Galaxy M07 (Black, 64 GB)",Samsung,8762,4.3,243,12,4,64,5000,6.7,50MP + 2MP,8MP,Helio G99 Processor
"Ai+ Pulse 2 (Green, 128 GB)",Ai+,8999,4.4,158,8,6,128,6000,6.745,50MP,8MP,T7250 Processor
"Samsung Galaxy A06 5G (Light Green, 64 GB)",Samsung,10888,4.1,244,198,4,64,5000,6.7,50MP + 50MP,2MP + 2MP Dual,MEDIATEK Processor
"realme P4 Power 5G (TransBlue, 256 GB)",realme,27999,4.5,638,266,8,256,10001,6.8,50MP + 8MP,Yes,Dimensity 7400 Ultra Processor
"realme P4 Power 5G (TransBlue, 128 GB)",realme,25999,4.5,638,266,8,128,10001,6.8,50MP + 8MP,Yes,Dimensity 7400 Ultra Processor
"MOTOROLA Edge 50 (Jungle Green, 256 GB)",MOTOROLA,21999,4.3,518,993,8,256,5000,6.67,50MP + 13MP + 10MP,32MP,Snapdragon 7 Gen 1 Accelerated Edition Processor
"realme P3x 5G (Midnight Blue, 128 GB)",realme,12999,4.4,430,948,6,128,6000,6.72,50MP,8MP,Dimensity 6400 Processor
"realme P4 Power 5G (TransOrange, 256 GB)",realme,27999,4.5,638,266,8,256,10001,6.8,50MP + 8MP,Yes,Dimensity 7400 Ultra Processor
"POCO M7 Plus 5G (Chrome Silver, 128 GB)",POCO,14999,4.3,544,414,6,128,7000,6.9,50MP AI Dual Camera,0,Snapdragon 6s Gen 3 5G Processor
Jio V4 BLUE,Jio,717,4.4,33,3,32,32,1000,4.5,0.3MP,0MP,NA Processor
"OPPO K13 Turbo 5G (Midnight Maverick, 256 GB)",OPPO,29999,4.5,415,571,8,256,7000,6.8,50MP + 2MP,16MP,Dimensity 8450 Processor
"Google Pixel 10a (Fog, 256 GB)",Google,49999,4.5,304,36,8,256,5100,6.3,48MP + 13MP,13MP,Tensor G4 Processor
"vivo V70 (Lemon Yellow, 256 GB)",vivo,49999,4.6,82,8,12,256,6500,6.59,50MP + 50MP + 8MP,Yes,Snapdragon 7 Gen 4 Processor
"vivo V70 (Passion Red, 256 GB)",vivo,49999,4.6,82,8,12,256,6500,6.59,50MP + 50MP + 8MP,Yes,Snapdragon 7 Gen 4 Processor
"IQOO Neo 10 (Titanium Chrome, 256 GB)",IQOO,39990,4.5,117,84,12,256,7000,6.78,50MP + 50MP + 8MP,32MP + 32MP Dual,Qualcomm Processor
"REDMI Note 15 5G (Glacier Blue, 128 GB)",REDMI,21485,4.4,232,8,8,128,5520,6.77,108MP,0,0
"Nokia 2660 Flip 4G Volte Dual SIM keypad Phone, Dual Screen, MP3 Player",Nokia,4864,4.2,868,101,0,0,1450,2.8,0.3MP,0,0
DIZO Star 300,DIZO,999,3.9,31,270,32,32,2550,1.77,0.3MP,0,SC6531E Processor
hmd 110 Dual Sim Keypad Phone with Built-in Scan & Pay UPI App,hmd,1214,3.9,813,55,4,4,1000,2,0.2MP,0,0
"Motorola g45 5G (Pantone Dahlia Purple, 128 GB)",Motorola,14790,4.3,460,507,8,128,5000,6.5,50MP + 2MP,16MP,Snapdragon 6s Gen 3 Processor
"realme 14 Pro+ 5G (Suede Grey, 128 GB)",realme,24999,4.4,531,356,8,128,6000,6.83,50MP + 50MP + 8MP,32MP,7s Gen 3 Mobile Platform Processor
"Nokia 130 Music Dual Sim with Music Player, Dedicated Music Buttons",Nokia,1914,3.9,729,358,4,4,1450,2.4,0MP Front Camera,0,6261D Processor
"realme P3 5G (Space Silver, 128 GB)",realme,16999,4.4,39,464,8,128,6000,6.67,50MP + 2MP,16MP,6 Gen 4 Processor
"realme P3 5G (Comet Grey, 128 GB)",realme,15999,4.4,326,158,6,128,6000,6.67,50MP + 2MP,16MP,6 Gen 4 Processor
"Apple iPhone 16 (Pink, 256 GB)",Apple,74900,4.6,721,974,0,0,0,6.1,48MP + 12MP,12MP,"A18 Chip, 6 Core Processor Processor"
"OnePlus 13s 5G (Green Silk, 512 GB)",OnePlus,55669,4.6,583,116,12,512,5850,6.32,50MP,0,0
"realme P3 Lite 5G (Onyx Black, 128 GB)",realme,13999,4.4,865,629,6,128,6000,6.67,32MP,8MP,Dimensity 6300 Processor
Nokia 3210 4G,Nokia,4254,3.6,871,67,64,64,1450,2.4,2MP,0,0
"realme 14 Pro+ 5G (Bikaner Purple, 128 GB)",realme,24999,4.4,531,356,8,128,6000,6.83,50MP + 50MP + 8MP,32MP,7s Gen 3 Mobile Platform Processor
"Samsung M36 5G (Light Green, 256 GB)",Samsung,29890,4.1,458,22,8,256,5000,6.7,50MP,0,0
"KARBONN Jumbo K9 Keypad Mobile Phone 2.4inch LCD2 MP Camera,1800mAh Battery,FM Vibratore",KARBONN,1295,4,447,19,45,32,1800,2.4,2MP + 0MP,0,Not Availble Processor
"IQOO Z10R 5G (Moonstone, 256 GB)",IQOO,24365,4.4,650,264,8,256,5700,6.77,50MP,0,0
"IQOO 15 5G (Legend, 512 GB)",IQOO,79500,4.7,51,5,16,512,7000,6.85,50MP,0,0
"OPPO Reno15 5G (Twilight Blue, 512 GB)",OPPO,53999,4.5,247,19,12,512,6500,6.59,50MP + 50MP + 8MP,Yes,7 Gen 4 Processor
"OPPO Reno15 5G (Aurora Blue, 256 GB)",OPPO,48999,4.5,247,19,12,256,6500,6.59,50MP + 50MP + 8MP,Yes,7 Gen 4 Processor
Jmax ULTRA,Jmax,630,3.9,335,30,32,32,1150,1.8,1.3MP,0,0
"MOTOROLA Edge 60 Pro (Pantone Walnut, 256 GB)",MOTOROLA,33999,4.3,913,172,12,256,6000,6.7,50MP + 50MP + 10MP,50MP,Dimensity 8350 Processor
Jmax Super 1,Jmax,569,3.8,695,180,32,32,1100,1.8,1MP,0,0
"IQOO Z10X 5G (Titanium, 256 GB)",IQOO,20499,4.4,946,267,8,256,6500,6.7,50MP,0,0
"Infinix GT 30 Pro 5G+ (Blade White, 256 GB)",Infinix,29999,4.4,340,92,12,256,5500,6.78,108MP + 8MP,13MP,Dimensity 8350 Ultimate Processor
"realme P4 5G (Steel Grey, 128 GB)",realme,20999,4.4,134,396,6,128,7000,6.77,50MP + 8MP,16MP,Mediatek Dimensity 7400 Processor
"realme P4 5G (Forge Red, 128 GB)",realme,21999,4.4,516,94,8,128,7000,6.77,50MP + 8MP,16MP,Mediatek Dimensity 7400 Processor
"realme P4 5G (Steel Grey, 256 GB)",realme,23999,4.4,516,94,8,256,7000,6.77,50MP + 8MP,16MP,Mediatek Dimensity 7400 Processor
"realme P4 5G (Engine Blue, 128 GB)",realme,21999,4.4,516,94,8,128,7000,6.77,50MP + 8MP,16MP,Mediatek Dimensity 7400 Processor
"POCO M7 5G (Satin Black, 128 GB)",POCO,13499,4.3,955,833,8,128,5160,6.88,50MP,8MP,4 Gen 2 5G Processor
"POCO M8 (Frost Silver, 256 GB)",POCO,20999,4.5,128,99,8,256,5520,6.77,50MP,20MP,0
"Samsung Galaxy F36 5G (Violet, 128 GB)",Samsung,18999,4.2,281,375,8,128,5000,6.7,50MP + 8MP + 2MP,13MP,Samsung Exynos 1380 Processor
"POCO M7 Plus 5G (Aqua Blue, 128 GB)",POCO,15999,4.3,636,273,8,128,7000,6.9,50MP AI Dual Camera,0,Snapdragon 6s Gen 3 5G Processor
"MOTOROLA Edge 60 Pro (Pantone Sparkling Grape, 256 GB)",MOTOROLA,29999,4.3,789,621,8,256,6000,6.7,50MP + 50MP + 10MP,50MP,Dimensity 8350 Processor
"REDMI 15 5G (Midnight Black, 128 GB)",REDMI,16190,4.3,812,110,6,128,7000,6.9,50MP,0,0
"POCO M8 (Carbon Black, 256 GB)",POCO,20999,4.5,128,99,8,256,5520,6.77,50MP,20MP,0
"MOTOROLA Edge 60 Stylus (PANTONE Surf the Web, 256 GB)",MOTOROLA,20999,4.3,88,81,8,256,5000,6.67,50MP + 13MP,32MP,7s Gen 2 Mobile Processor Processor
"Motorola g45 5G (Brilliant Blue, 128 GB)",Motorola,10999,4.3,579,76,4,128,5000,6.5,50MP + 2MP,16MP,Snapdragon 6s Gen 3 Processor
GFive FLASH,GFive,999,3.8,707,31,32,32,3000,2.8,1MP,0,0
"Tecno Pova Slim 5G (Cool Black, 128 GB)",Tecno,20999,4.3,56,77,8,128,5160,6.78,50MP + 2MP,13MP,Dimensity 6400 5G Processor
"REDMI 15 5G (Sandy Purple, 128 GB)",REDMI,16882,4.3,812,110,6,128,7000,6.9,50MP,0,0
itel it5262,itel,1449,4,717,142,4,4,2000,2.4,0.8MP,0,0
"vivo X200T (Seaside Lilac, 256 GB)",vivo,59999,4.7,120,187,12,256,6200,6.67,50MP + 50MP + 50MP,32MP,Dimensity 9400+ Processor
"POCO C71 (Desert Gold, 64 GB)",POCO,8799,3.9,367,680,4,64,5200,6.88,32MP,8MP,"Unisoc T7250
Max clock speed: 
2 x A75@1.8GHz
6 x A55@1.6GHz Processor"
"Google Pixel 10a (Lavender, 256 GB)",Google,49999,4.5,304,36,8,256,5100,6.3,48MP + 13MP,13MP,Tensor G4 Processor
"POCO X8 Pro Max (Blue, 512 GB)",POCO,46999,4.5,97,16,12,512,9000,6.83,50MP + 8MP,20MP,Dimensity 9500s Processor
"Apple iPhone 17 Pro Max (Cosmic Orange, 1 TB)",Apple,189900,4.8,622,41,0,0,0,6.9,48MP + 48MP + 48MP,18MP,"A19 Chip, 6 Core Processor Processor"
itel it5262,itel,1447,4,717,142,4,4,2000,2.4,0.8MP,0,0
Jio JBV191M2 V4 4G BLUE,Jio,717,3.9,119,8,32,32,1000,4.5,0.3MP,0MP,NA Processor
"vivo Y31 Pro 5G (Mocha Brown, 256 GB)",vivo,21999,4.4,504,27,8,256,6500,6.72,50MP + 2MP,8MP,Dimensity 7300 Processor
"vivo Y31 Pro 5G (Dreamy White, 256 GB)",vivo,21999,4.4,504,27,8,256,6500,6.72,50MP + 2MP,8MP,Dimensity 7300 Processor
Micromax X1i Flip,Micromax,1230,3.7,770,40,32,32,1200,2.4,0.08MP,0,0
"vivo Y31 Pro 5G (Dreamy White, 128 GB)",vivo,19999,4.4,504,27,8,128,6500,6.72,50MP + 2MP,8MP,Dimensity 7300 Processor
"realme 14 Pro+ 5G (Pearl White, 512 GB)",realme,37999,4.4,114,967,12,512,6000,6.83,50MP + 50MP + 8MP,32MP,7s Gen 3 Mobile Platform Processor
"MOTOROLA Razr 60 (PANTONE Spring Bud, 256 GB)",MOTOROLA,49999,4.4,316,161,8,256,4500,6.9,50MP + 13MP,32MP,Dimensity 7400X Processor
"REDMI Note 15 5G (Mist Purple, 256 GB)",REDMI,23842,4.4,232,8,8,256,5520,6.77,108MP,0,0
"Samsung Galaxy S24 5G Snapdragon (Onyx Black, 128 GB)",Samsung,49999,4.6,632,666,8,128,4000,6.2,50MP + 12MP,12MP,8 Gen 3 Processor
"realme 15 Lite 5G (Satin Green, 128 GB)",realme,17149,4.4,71,4,8,128,5000,6.67,50MP,0,0
itel it5027 Slim Keypad Mobile | 2.4 inch Display| Type C Charging,itel,1119,4.1,629,103,4,4,1200,2.4,0.3MP,0,0
"IQOO Neo 10 (Titanium Chrome, 512 GB)",IQOO,45939,4.7,225,15,16,512,7000,6.78,50MP + 50MP + 8MP,32MP + 32MP Dual,Qualcomm Processor
ringme R1+ JUMBO,ringme,1499,4.1,469,28,32,32,4000,2.4,1MP,0,0
"Samsung Galaxy S24 FE 5G (Mint, 256 GB)",Samsung,45999,4.5,274,482,8,256,4700,6.7,50MP + 12MP + 8MP,10MP,Exynos 2400e Processor
"POCO M7 Plus 5G (Carbon Black, 128 GB)",POCO,14999,4.3,544,414,6,128,7000,6.9,50MP AI Dual Camera,0,Snapdragon 6s Gen 3 5G Processor
"OPPO Reno15 5G (Glacier White, 256 GB)",OPPO,48999,4.5,247,19,12,256,6500,6.59,50MP + 50MP + 8MP,Yes,7 Gen 4 Processor
"realme P3 5G (Comet Grey, 128 GB)",realme,16999,4.4,39,464,8,128,6000,6.67,50MP + 2MP,16MP,6 Gen 4 Processor
"realme Narzo 90 5G (Carbon Black, 128 GB)",realme,19000,4.3,134,12,8,128,7000,6.57,50MP,0,0
"vivo X200T (Stellar Black, 256 GB)",vivo,59999,4.7,120,187,12,256,6200,6.67,50MP + 50MP + 50MP,32MP,Dimensity 9400+ Processor
"OPPO Reno15 5G (Glacier White, 512 GB)",OPPO,53999,4.5,247,19,12,512,6500,6.59,50MP + 50MP + 8MP,Yes,7 Gen 4 Processor
"Samsung Galaxy A36 5G (Awesome Lavender, 256 GB)",Samsung,38499,4.4,333,21,12,256,5000,6.7,50MP + 8MP,12MP,Qualcomm Snapdragon 6 Gen 3 Processor
"POCO M6 Plus 5G (Ice Silver, 128 GB)",POCO,13999,4.2,803,134,8,128,5030,6.79,108MP + 2MP,13MP,Snapdragon 4 Gen2 AE Processor
"OPPO Reno15c 5G (Afterglow Pink, 256 GB)",OPPO,40999,4.3,106,9,12,256,7000,6.57,50MP + 8MP + 2MP,Yes,6 Gen 1 Processor
itel Ace2 Heera | King Talker | Auto Call Recording | Expendable Storage32GB,itel,860,3.9,397,21,32,32,1000,1.8,0,0,0
"realme 14 Pro+ 5G (Suede Grey, 256 GB)",realme,34999,4.4,114,967,12,256,6000,6.83,50MP + 50MP + 8MP,32MP,7s Gen 3 Mobile Platform Processor
"Samsung Galaxy A56 5G (Awesome Graphite, 256 GB)",Samsung,46999,4.4,596,47,12,256,5000,6.7,50MP + 12MP + 5MP,12MP,Exynos 1580 Processor
"OPPO Reno15c 5G (Twilight Blue, 256 GB)",OPPO,40999,4.3,106,9,12,256,7000,6.57,50MP + 8MP + 2MP,Yes,6 Gen 1 Processor
"vivo Y31 Pro 5G (Mocha Brown, 128 GB)",vivo,19999,4.4,504,27,8,128,6500,6.72,50MP + 2MP,8MP,Dimensity 7300 Processor
"Motorola g45 5G (Pink Lavender, 128 GB)",Motorola,11999,4.3,460,507,8,128,5000,6.5,50MP + 2MP,16MP,Snapdragon 6s Gen 3 Processor
"POCO X7 5G (Yellow, 128 GB)",POCO,17999,4.3,646,285,8,128,5500,6.67,50MP + 8MP + 2MP,20MP,Dimensity 7300 Ultra Processor
"REDMI Note 15 5G (Mist Purple, 128 GB)",REDMI,21242,4.4,232,8,8,128,5520,6.77,108MP,0,0
HOTLINE V66,HOTLINE,499,3.6,715,26,32,32,1000,1.77,1.3MP,0,0
"IQOO Neo 10 (Inferno Red, 256 GB)",IQOO,39298,4.5,117,84,12,256,7000,6.78,50MP + 50MP + 8MP,32MP + 32MP Dual,Qualcomm Processor
"realme 16 Pro+ 5G (Master Gold, 256 GB)",realme,48999,4.6,626,91,12,256,7000,6.8,200MP + 50MP + 8MP,50MP,7 Gen 4 Processor
"vivo X200T (Seaside Lilac, 512 GB)",vivo,69999,4.7,120,187,12,512,6200,6.67,50MP + 50MP + 50MP,32MP,Dimensity 9400+ Processor
"Samsung Galaxy S24 FE 5G (Graphite, 256 GB)",Samsung,45999,4.5,274,482,8,256,4700,6.7,50MP + 12MP + 8MP,10MP,Exynos 2400e Processor
"Samsung Galaxy S24 FE 5G (Graphite, 128 GB)",Samsung,39999,4.5,274,482,8,128,4700,6.7,50MP + 12MP + 8MP,10MP,Exynos 2400e Processor
"Samsung Galaxy S24 FE 5G (Mint, 128 GB)",Samsung,39999,4.5,274,482,8,128,4700,6.7,50MP + 12MP + 8MP,10MP,Exynos 2400e Processor
Jmax PI,Jmax,999,3.6,121,6,32,32,1000,1.44,0.3MP,0,0
Samsung Metro 313,Samsung,0,3,661,25,4,128,1000,2,0.3MP,0,0
"realme 14 Pro+ 5G (Pearl White, 256 GB)",realme,34999,4.4,114,967,12,256,6000,6.83,50MP + 50MP + 8MP,32MP,7s Gen 3 Mobile Platform Processor
"realme 16 Pro+ 5G (Master Grey, 256 GB)",realme,48999,4.6,626,91,12,256,7000,6.8,200MP + 50MP + 8MP,50MP,7 Gen 4 Processor
"realme 16 Pro+ 5G (Master Gold, 128 GB)",realme,43999,4.5,982,125,8,128,7000,6.8,200MP + 50MP + 8MP,50MP,7 Gen 4 Processor
"Samsung M36 5G (Orange Haze / Orange, 128 GB)",Samsung,19990,4.1,458,22,8,128,5000,6.7,50MP,0,0
"POCO X8 Pro Max (White, 256 GB)",POCO,42999,4.5,97,16,12,256,9000,6.83,50MP + 8MP,20MP,Dimensity 9500s Processor
Jmax KING,Jmax,666,3.6,401,10,32,32,1000,1.44,0.3MP,0,0
Kechaoda K28,Kechaoda,1249,4,410,390,32,64,1700,2.4,0.3MP,0,0
"Motorola g45 5G (Viva Magenta, 128 GB)",Motorola,11999,4.3,460,507,8,128,5000,6.5,50MP + 2MP,16MP,Snapdragon 6s Gen 3 Processor
"POCO F7 5G (Frost White, 512 GB)",POCO,37999,4.4,799,156,12,512,7550,6.83,Front camera -20MP with Portrait Mode,,8s Gen 4 Processor
"IQOO Neo 10R 5G (Raging Blue, 128 GB)",IQOO,30259,4.5,483,412,8,128,6400,6.78,50MP,0,0
"realme 14x 5G (Jewel Red, 128 GB)",realme,14999,4.4,267,683,6,128,6000,6.67,50MP,8MP,Dimensity 6300 Processor
"realme 14x 5G (Golden Glow, 128 GB)",realme,14999,4.4,267,683,6,128,6000,6.67,50MP,8MP,Dimensity 6300 Processor
"Infinix HOT 60i 5G (Shadow Blue, 128 GB)",Infinix,11499,4.3,495,122,4,128,6000,6.75,50MP,5MP,Dimensity 6400 Processor
"realme P4 5G (Engine Blue, 128 GB)",realme,20999,4.4,134,396,6,128,7000,6.77,50MP + 8MP,16MP,Mediatek Dimensity 7400 Processor
Micromax X778,Micromax,1346,3.9,175,402,32,32,2700,2.4,0.3MP,0,0
"Infinix SMART 10 (Sleek Black, 64 GB)",Infinix,8499,4.4,227,76,4,64,5000,6.67,8MP,8MP,UniSoc T7250 Processor
"POCO X8 Pro (White, 256 GB)",POCO,35999,4.6,54,8,12,256,6500,6.59,50MP + 8MP,20MP,Dimensity 8500-Ultra Processor
Kechaoda A26,Kechaoda,899,4,724,654,32,16,800,0.66,0MP,0MP,NA Processor
Snexian GURU 310,Snexian,550,3.3,777,252,32,32,800,1.8,1.3MP,0,0
"realme 14x 5G (Jewel Red, 128 GB)",realme,15999,4.4,723,430,8,128,6000,6.67,50MP,8MP,Dimensity 6300 Processor
"POCO M7 Pro 5G (Lunar Dust, 256 GB)",POCO,15999,4.3,974,188,8,256,5110,6.67,50MP + 2MP,20MP,Dimensity 7025 Ultra Processor
"Samsung Galaxy A17 5G (Gray, 128 GB)",Samsung,22499,4.3,762,51,8,128,5000,6.7,50MP + 5MP + 2MP,13MP,Samsung Exynos 1330 Processor
"IQOO Neo 10R 5G (MoonKnight Titanium, 256 GB)",IQOO,34990,4.5,260,209,12,256,6400,6.78,50MP,0,0
"Samsung M36 5G (Orange, 256 GB)",Samsung,29890,4.1,458,22,8,256,5000,6.7,50MP,0,0
"OPPO Reno15 5G (Aurora Blue, 256 GB)",OPPO,45999,4.6,525,88,8,256,6500,6.59,50MP + 50MP + 8MP,Yes,7 Gen 4 Processor
"OnePlus 13s 5G (Black Velvet, 512 GB)",OnePlus,56006,4.6,583,116,12,512,5850,6.32,50MP,0,0
"POCO M7 Plus 5G (Chrome Silver, 128 GB)",POCO,15999,4.3,636,273,8,128,7000,6.9,50MP AI Dual Camera,0,Snapdragon 6s Gen 3 5G Processor
"OPPO Reno14 5G (Forest Green, 256 GB)",OPPO,42999,4.5,736,456,8,256,6000,6.59,50MP + 8MP + 50MP,50MP,Dimensity 8350 Processor
"REDMI 15 5G (Frosted White, 128 GB)",REDMI,16191,4.3,812,110,6,128,7000,6.9,50MP,0,0
"POCO C61  - Locked with Airtel Prepaid (Ethereal Blue, 64 GB)",POCO,7499,4.2,827,727,4,64,5000,6.71,8MP,5MP,Helio G36 Processor
"realme Narzo 90x 5G (Flash Blue, 128 GB)",realme,17849,4.4,494,24,8,128,7000,6.8,50MP,0,0
"POCO C75 5G (Enchanted Green, 64 GB)",POCO,10999,4.2,204,932,4,64,5160,6.88,50MP,5MP,4s Gen 2 5G Processor
"POCO X8 Pro (Iron man edition, 256 GB)",POCO,37999,4.6,54,8,12,256,6500,6.59,50MP + 8MP,20MP,Dimensity 8500-Ultra Processor
"Samsung Galaxy M17 5G (Moonlight Silver, 128 GB)",Samsung,17489,4.4,72,5,8,128,5000,6.7,50MP,0,0
"Apple iPhone 17e (White, 256 GB)",Apple,64900,4.9,25,0,0,0,0,6.1,48MP,"A19 chip, 6 Core",0
"MOTOROLA Signature (PANTONE Carbon, 1 TB)",MOTOROLA,69999,4.4,318,54,16,1,5200,6.8,50MP + 50MP + 50MP,50MP,Snapdragon 8 Gen 5 Processor
"realme 14x 5G (Crystal Black, 128 GB)",realme,15999,4.4,723,430,8,128,6000,6.67,50MP,8MP,Dimensity 6300 Processor
"Infinix GT 30 Pro 5G+ (Dark Flare, 256 GB)",Infinix,27999,4.4,557,181,8,256,5500,6.78,108MP + 8MP,13MP,Dimensity 8350 Ultimate Processor
"Samsung Galaxy M17 5G (Moonlight Silver, 128 GB)",Samsung,16749,4.4,421,18,6,128,5000,6.7,50MP,0,0
LAVA A3 King,LAVA,1208,4.2,741,928,4,4,1750,1.77,0.2MP,0,0
Jio PRIMA2 4G,Jio,3320,3.9,147,113,500,4,1800,2.4,0.3MP,0,0
"Samsung Galaxy A56 5G (Awesome Light Gray, 256 GB)",Samsung,46999,4.4,596,47,12,256,5000,6.7,50MP + 12MP + 5MP,12MP,Samsung Exynos 1580 Processor
GFive A1-C,GFive,499,3.7,609,31,32,32,1000,1.8,0.3MP,0,0
"Apple iPhone 17 Pro (Deep Blue, 256 GB)",Apple,134900,4.7,999,77,0,0,0,6.3,48MP + 48MP + 48MP,18MP,"A19 Chip, 6 Core Processor Processor"
"Infinix GT 30 Pro 5G+ (Dark Flare, 256 GB)",Infinix,29999,4.4,340,92,12,256,5500,6.78,108MP + 8MP,13MP,Dimensity 8350 Ultimate Processor
"Infinix GT 30 Pro 5G+ (Blade White, 256 GB)",Infinix,27999,4.4,557,181,8,256,5500,6.78,108MP + 8MP,13MP,Dimensity 8350 Ultimate Processor
"MOTOROLA Edge 60 Pro (Pantone Sparkling Grape, 256 GB)",MOTOROLA,33999,4.3,913,172,12,256,6000,6.7,50MP + 50MP + 10MP,50MP,Dimensity 8350 Processor
"Samsung Galaxy A17 5G Charger in the Box (Black, 128 GB)",Samsung,20445,4.3,762,51,8,128,5000,6.7,50MP + 5MP + 2MP,13MP,Samsung Exynos 1330 Processor
"Google Pixel 10a (Berry, 256 GB)",Google,49999,4.5,304,36,8,256,5100,6.3,48MP + 13MP,13MP,Tensor G4 Processor
"IQOO Neo 10 (Titanium Chrome, 256 GB)",IQOO,37599,4.5,556,111,8,256,7000,6.78,50MP + 50MP + 8MP,32MP + 32MP Dual,Qualcomm Processor
"Samsung Galaxy S24 5G Snapdragon (Onyx Black, 256 GB)",Samsung,55999,4.6,632,666,8,256,4000,6.2,50MP + 12MP,12MP,8 Gen 3 Processor
"SIAVANTAGE PRO 8 (Silver, 16 GB)",SIAVANTAGE,4999,4,3,0,3,16,2350,3.8,5MP,0,0
"Tecno Pova Curve 5G (Geek Black, 128 GB)",Tecno,17999,4.4,678,162,8,128,5500,6.78,64MP,13MP,Dimensity 7300 Ultimate Processor
KARBONN BHARAT K1 4G,KARBONN,860,3.7,255,128,20,40,1000,1.8,2MP,0,0
Kechaoda A26,Kechaoda,797,4,724,654,32,32,800,0.66,0MP,0MP,NA Processor
"Tecno Pova Curve 5G (Neon Cyan, 256 GB)",Tecno,19999,4.4,678,162,8,256,5500,6.78,64MP,13MP,Dimensity 7300 Ultimate Processor
"Samsung Galaxy F56 5G (Violet, 128 GB)",Samsung,23488,4.4,311,19,8,128,5000,6.7,50MP + 8MP + 2MP,12MP,Exynos 1480 Processor
"Tecno Pova Curve 5G (Magic Silver, 128 GB)",Tecno,17999,4.4,678,162,8,128,5500,6.78,64MP,13MP,Dimensity 7300 Ultimate Processor
"Apple iPhone 17 (Black, 512 GB)",Apple,102900,4.6,651,410,0,0,0,6.3,48MP + 48MP,18MP,"A19 Chip, 6 Core Processor Processor"
"Tecno Pova Curve 5G (Magic Silver, 256 GB)",Tecno,19999,4.4,678,162,8,256,5500,6.78,64MP,13MP,Dimensity 7300 Ultimate Processor
"Tecno Pova Curve 5G (Neon Cyan, 128 GB)",Tecno,17999,4.4,678,162,8,128,5500,6.78,64MP,13MP,Dimensity 7300 Ultimate Processor
I Kall K75 CAR,I,1215,4,31,3,32,32,800,1.8,0.3MP,0,0
"Samsung Galaxy A15 5G (Blue Black, 128 GB)",Samsung,21499,4.3,390,250,8,128,5000,6.5,50MP + 5MP + 2MP,13MP,Dimensity 6100+ Processor
"OPPO A5 5G (Mist White, 128 GB)",OPPO,16499,4.3,420,14,6,128,6000,6.67,50MP + 2MP,8MP,Dimensity 6300 Processor
"Apple iPhone 15 (Pink, 128 GB)",Apple,54900,4.6,516,546,0,0,0,6.1,48MP + 12MP,12MP,"A16 Bionic Chip, 6 Core Processor Processor"
"Samsung Galaxy S24 FE 5G (Blue, 128 GB)",Samsung,39999,4.5,274,482,8,128,4700,6.7,50MP + 12MP + 8MP,10MP,Exynos 2400e Processor
"OPPO Reno15c 5G (Afterglow Pink, 256 GB)",OPPO,37999,4.3,229,14,8,256,7000,6.57,50MP + 8MP + 2MP,Yes,6 Gen 1 Processor
"POCO M7 5G  - Locked with Airtel Prepaid (Mint Green, 128 GB)",POCO,11749,4.1,989,637,6,128,5160,6.88,50MP,8MP,4 Gen 2 5G Processor
"Samsung M36 5G (Velvet Black / Black, 128 GB)",Samsung,21990,4.1,458,22,8,128,5000,6.7,50MP,0,0
"Samsung Galaxy Z Fold7 5G (Silver Shadow, 256 GB)",Samsung,174999,4.5,175,5,12,256,4400,8,200MP + 12MP + 10MP,10MP,Snapdragon 8 Elite for Galaxy Processor
"POCO C71 (Power Black, 64 GB)",POCO,8799,3.9,367,680,4,64,5200,6.88,32MP,8MP,"Unisoc T7250
Max clock speed: 
2 x A75@1.8GHz
6 x A55@1.6GHz Processor"
"realme 15 Pro 5G (Flowing Silver, 256 GB)",realme,32999,4.3,363,813,8,256,7000,6.8,50MP + 50MP,50MP,Snapdragon 7 Gen 4 Processor
"OnePlus 11 5G (Eternal Green, 256 GB)",OnePlus,38988,4.5,927,160,16,256,5000,6.7,50MP,0,0
"hmd 130 Music Dual Sim, Built-in Loud Speaker, Type C, Built-in UPI App",hmd,1789,3.5,281,14,8,4,2500,2.4,0,0,0
"Nokia 220 4G Dual SIM Keypad Phone, Built-in UPI App, USB Type C",Nokia,3674,4,532,85,64,64,1450,2.8,0,0,0
"Samsung Galaxy S25 5G (Mint, 256 GB)",Samsung,75999,4.6,939,330,12,256,4000,6.2,50MP + 10MP + 12MP,12MP,8 Elite for Galaxy Processor
"POCO M6 Plus 5G (Ice Silver, 128 GB)",POCO,13499,4.2,968,375,6,128,5030,6.79,108MP + 2MP,13MP,Snapdragon 4 Gen2 AE Processor
itel Power 450 | 2.4 inch Big Display | 2500 mAh Battery | Type C Charging,itel,1495,4.1,451,102,32,32,2500,2.4,0.8MP,0,0
"realme P3 5G (Nebula Pink, 256 GB)",realme,18499,4.4,39,464,8,256,6000,6.67,50MP + 2MP,16MP,6 Gen 4 Processor
"LAVA Blaze AMOLED 2 5G (Feather White, 128 GB)",LAVA,13978,4.4,127,16,6,128,5000,6.7,50MP,0,0
"realme 15 Pro 5G (Flowing Silver, 128 GB)",realme,30999,4.3,363,813,8,128,7000,6.8,50MP + 50MP,50MP,Snapdragon 7 Gen 4 Processor
"OPPO A5 5G (Aurora Green, 128 GB)",OPPO,17999,4.3,151,2,8,128,6000,6.67,50MP + 2MP,8MP,Dimensity 6300 Processor
"Apple iPhone 17 Pro Max (Cosmic Orange, 512 GB)",Apple,169900,4.8,622,41,0,0,0,6.9,48MP + 48MP + 48MP,18MP,"A19 Chip, 6 Core Processor Processor"
"OPPO A5 5G (Mist White, 128 GB)",OPPO,17999,4.3,151,2,8,128,6000,6.67,50MP + 2MP,8MP,Dimensity 6300 Processor
Jio PRIMA2,Jio,3499,4.1,17,0,36,4,1800,2.4,0.3MP,0,0
Kechaoda K28,Kechaoda,1269,4,410,390,32,64,1700,2.4,0.3MP,0,0
"realme C83 5G (Blooming Purple, 64 GB)",realme,13499,4.4,70,13,4,64,7000,6.8,13MP,5MP,Dimensity 6300 Processor
"OnePlus 11 5G (Eternal Green, 128 GB)",OnePlus,33399,4.4,439,131,8,128,5000,6.7,50MP,16MP,0
"realme C83 5G (Sprouting Green, 64 GB)",realme,13499,4.4,70,13,4,64,7000,6.8,13MP,5MP,Dimensity 6300 Processor
"Samsung Galaxy Z Fold5 (Phantom Black, 512 GB)",Samsung,164999,4.5,640,39,12,512,4400,6.2,50MP + 12MP + 10MP,0,Snapdragon 8 Gen 2 Processor
"KARBONN K9 Sleek,Dual SIM,Keypad Mobile,2.4""Corved Glass,1750mAh Battery,Expandable,32GB",KARBONN,1299,3.9,419,28,52,65,1750,2.4,0.3MP,0,NA Processor
Nokia 105 Dual Sim Keypad Phone with Built-in UPI Payments,Nokia,1264,3.3,416,456,32,32,1000,1.77,0MP,0MP,0
"Apple iPhone 17e (Black, 256 GB)",Apple,64900,4.9,25,0,0,0,0,6.1,48MP,"A19 chip, 6 Core",0
itel Power 450 | 2.4 inch Big Display | 2500 mAh Battery | Type C Charging,itel,1482,4.1,451,102,32,32,2500,2.4,0.8MP,0,0
"CMF by Nothing Phone 2 Pro (Black, 256 GB)",CMF,20999,4.4,247,500,8,256,5000,6.77,50MP + 50MP + 8MP,16MP,Dimensity 7300 Pro 5G Processor
"CMF by Nothing Phone 2 Pro (White, 128 GB)",CMF,18999,4.4,247,500,8,128,5000,6.77,50MP + 50MP + 8MP,16MP,Dimensity 7300 Pro 5G Processor
"CMF by Nothing Phone 2 Pro (Light Green, 256 GB)",CMF,20999,4.4,247,500,8,256,5000,6.77,50MP + 50MP + 8MP,16MP,Dimensity 7300 Pro 5G Processor
"CMF by Nothing Phone 2 Pro (Light Green, 128 GB)",CMF,18999,4.4,247,500,8,128,5000,6.77,50MP + 50MP + 8MP,16MP,Dimensity 7300 Pro 5G Processor
"realme 16 Pro+ 5G (Master Grey, 256 GB)",realme,45999,4.5,982,125,8,256,7000,6.8,200MP + 50MP + 8MP,50MP,7 Gen 4 Processor
"realme C83 5G (Blooming Purple, 128 GB)",realme,17499,4.4,15,5,6,128,7000,6.8,13MP,5MP,Dimensity 6300 Processor
"OPPO F31 5G (Bloom Red, 128 GB)",OPPO,26999,4.3,932,99,8,128,7000,6.57,50MP + 2MP,16MP,Dimensity 6300 Processor
"OPPO F31 5G (Cloud Green, 128 GB)",OPPO,26999,4.3,932,99,8,128,7000,6.57,50MP + 2MP,16MP,Dimensity 6300 Processor
"realme C83 5G (Blooming Purple, 128 GB)",realme,14999,4.4,70,13,4,128,7000,6.8,13MP,5MP,Dimensity 6300 Processor
"OPPO F31 5G (Midnight Blue, 256 GB)",OPPO,28999,4.3,932,99,8,256,7000,6.57,50MP + 2MP,16MP,Dimensity 6300 Processor
KARBONN Jumbo K9,KARBONN,1347,4,654,506,0,0,1800,2.4,1.3MP,0,0
KARBONN Jumbo K9,KARBONN,1365,4,654,506,0,0,1800,2.6,1.3MP,0,0
"Motorola Edge 50 Fusion (Forest Blue, 256 GB)",Motorola,20999,4.4,231,462,12,256,5000,6.7,50MP + 13MP,32MP,7s Gen 2 Processor
"OPPO Reno15c 5G (Twilight Blue, 256 GB)",OPPO,37999,4.3,229,14,8,256,7000,6.57,50MP + 8MP + 2MP,Yes,6 Gen 1 Processor
"Motorola g45 5G (Brilliant Green, 128 GB)",Motorola,11999,4.3,460,507,8,128,5000,6.5,50MP + 2MP,16MP,Snapdragon 6s Gen 3 Processor
"realme P3 Ultra 5G (Neptune Blue, 256 GB)",realme,25999,4.4,152,27,8,256,6000,6.83,50MP + 8MP,16MP,Dimensity 8350 Ultra Processor
itel it2165s,itel,1189,4.1,274,273,4,4,1200,2,0.3MP,0,Unisoc Processor
"Apple iPhone 16e (White, 256 GB)",Apple,69900,4.5,827,116,0,0,0,6.1,48MP,12MP,"A18 Chip, 6 Core Processor"
"Samsung Galaxy F56 5G (Green, 256 GB)",Samsung,28999,4.4,311,19,8,256,5000,6.7,50MP + 8MP + 2MP,12MP,Exynos 1480 Processor
"Nokia 235 4G Dual SIM Keypad Phone, Scan & Pay UPI, USB Type C,",Nokia,4129,3.6,784,50,64,128,1450,2.8,2MP,0,0
"Samsung Galaxy A06 5G (Light Green, 64 GB)",Samsung,10950,4.1,244,198,4,64,5000,6.7,50MP + 2MP,8MP,Dimensity 6300 Processor
"Samsung Galaxy A06 5G (Light Gray, 128 GB)",Samsung,12990,4.1,244,198,4,128,5000,6.7,50MP + 50MP,2MP + 2MP Dual,MEDIATEK Processor
"REDMI Note-14 Pro 5G (Ivy Green, 256 GB)",REDMI,22894,4.3,650,33,8,256,5500,6.67,50MP + 8MP + 2MP,20MP,Dimensity 7300 Ultra Processor
"Apple iPhone 16 Plus (Pink, 256 GB)",Apple,84900,4.6,509,235,0,0,0,6.7,48MP + 12MP,12MP,"A18 Chip, 6 Core Processor Processor"
"vivo X300 Pro (Elite Black, 512 GB)",vivo,109999,4.7,345,54,16,512,6510,0,50MP + 50MP + 200MP,50MP,Dimensity 9500 Processor
"Samsung Galaxy M06 5G (Blazing Black, 64 GB)",Samsung,10684,4.1,455,30,4,64,5000,6.7,50MP,0,0
"realme C83 5G (Sprouting Green, 128 GB)",realme,17499,4.4,15,5,6,128,7000,6.8,13MP,5MP,Dimensity 6300 Processor
"Samsung Galaxy S25 5G (Silver Shadow, 256 GB)",Samsung,75999,4.6,939,330,12,256,4000,6.2,50MP + 10MP + 12MP,12MP,8 Elite Processor
"MOTOROLA g82 5G (White Lily, 128 GB)",MOTOROLA,17999,4.1,730,914,8,128,5000,6.6,50MP + 8MP + 2MP,16MP,Qualcomm Snapdragon 695 5G Processor
"vivo X300 Pro (Dune Gold, 512 GB)",vivo,109999,4.7,345,54,16,512,6510,0,50MP + 50MP + 200MP,50MP,Dimensity 9500 Processor
"Motorola g22 (Mint Green, 64 GB)",Motorola,13999,3.8,441,825,4,64,5000,6.5,50MP + 8MP + 2MP + 2MP,16MP,Mediatek Helio G37 Processor
"Samsung Galaxy Z Fold6 5G (Navy, 256 GB)",Samsung,149999,4.2,272,17,12,256,4400,7.6,50MP + 12MP + 10MP,10MP,Snapdragon 8 Gen 3 Processor
"realme 16 Pro+ 5G (Camellia Pink, 256 GB)",realme,48999,4.6,626,91,12,256,7000,6.8,200MP + 50MP + 8MP,50MP,7 Gen 4 Processor
"realme P4 Pro 5G (Midnight Ivy, 128 GB)",realme,27999,4.4,63,487,8,128,7000,6.8,50MP + 8MP,50MP,Snapdragon 7 Gen 4 Mobile Processor
"realme 16 Pro 5G (Master Gold, 256 GB)",realme,36999,4.4,519,142,8,256,7000,6.78,200MP + 8MP,50MP,Dimensity 7300 Max Processor
"vivo Y18 (Gem Green, 64 GB)",vivo,12999,4.1,753,61,4,64,5000,6.56,50MP + 0.08MP,8MP,Helios G85 Processor
"OPPO K13x 5G 6000mAh and 45W SUPERVOOC Charger & AI (Sunset Peach, 128 GB)",OPPO,13999,4.5,165,370,6,128,6000,6.67,50MP + 2MP,8MP,Dimensity 6300 Processor
"vivo V60e (Elite Purple, 256 GB)",vivo,33999,4.4,238,194,8,256,6500,6.77,200MP + 8MP,50MP,Dimensity 7360-Turbo Processor
"TOUCH 18 Rock X Flip Dual Sim |Keypad Mobile| with 1.8"" Display Call & SMS Indicator",TOUCH,2099,3.8,129,9,32,32,1800,1.8,2MP,0,0
"vivo Y300 Plus 5G (Silk Green, 128 GB)",vivo,23999,4.4,436,25,8,128,5000,6.78,50MP + 2MP,32MP,695 Processor
"vivo Y300 Plus 5G (Silk Black, 128 GB)",vivo,23999,4.4,436,25,8,128,5000,6.78,50MP + 2MP,32MP,695 Processor
LAVA Hero Shakti 2025,LAVA,929,4.1,451,21,4,32,800,1.8,0MP,0MP,Mtk Processor
"Google Pixel 10 Pro XL (Jade, 256 GB)",Google,124999,4.5,184,14,16,256,5200,6.8,48MP + 48MP + 48MP,42MP,Tensor G5 Processor
UiSmart Ui-06,UiSmart,1634,4,774,322,512,256,1050,1.77,2MP + 0MP,0MP,Feature Phone Processor
itel it2165s,itel,999,4.1,274,273,4,4,1200,2,0.3MP,0,Unisoc Processor
"Apple iPhone 16 Pro Max (Black Titanium, 256 GB)",Apple,134900,4.7,919,919,0,0,0,6.9,48MP + 48MP + 12MP,12MP,"A18 Pro Chip, 6 Core Processor Processor"
"POCO M7 Plus 5G (Aqua Blue, 128 GB)",POCO,13999,4.1,312,168,4,128,7000,6.9,50MP,0,Snapdragon 6s Gen 3 5G Processor
"realme Gt 7 (Icesense Blue, 256 GB)",realme,38999,4.4,561,50,12,256,7000,6.78,50MP + 50MP + 50MP + 8MP,32MP + 32MP Dual,Dimensity Processor
"vivo V60e (Noble Gold, 256 GB)",vivo,33999,4.4,238,194,8,256,6500,6.77,200MP + 8MP,50MP,Dimensity 7360-Turbo Processor
"Apple iPhone Air (Cloud White, 256 GB)",Apple,101900,4.7,107,7,0,0,0,6.5,48MP,18MP,"A19 Chip, 6 Core Processor Processor"
Jio Bharat V4 JBV191M2 4G UPI Phone,Jio,762,3.8,581,98,36,36,1000,1.77,0.3MP,0MP,NA Processor
"Google Pixel 10 Pro (Moonstone, 256 GB)",Google,109999,4.7,436,37,16,256,4870,6.3,48MP + 48MP + 48MP,42MP,Tensor G5 Processor
"REDMI Note-14 Pro 5G (Ivy Green, 128 GB)",REDMI,20438,4.3,650,33,8,128,5500,6.67,50MP + 8MP + 2MP,20MP,Dimensity 7300 Ultra Processor
"Samsung Galaxy S25 FE 5G (Navy, 128 GB)",Samsung,59999,4.6,134,8,8,128,4900,6.7,50MP + 12MP + 8MP,12MP,Exynos 2400 Processor
"realme P4 Pro 5G (Birch Wood, 256 GB)",realme,29999,4.4,63,487,8,256,7000,6.8,50MP + 8MP,50MP,Snapdragon 7 Gen 4 Mobile Processor
"realme P4 Pro 5G (Dark Oak Wood, 256 GB)",realme,29999,4.4,63,487,8,256,7000,6.8,50MP + 8MP,50MP,Snapdragon 7 Gen 4 Mobile Processor
"realme 14 Pro Lite 5G (Glass Gold, 128 GB)",realme,21999,4.3,934,53,8,128,5200,6.7,50MP + 8MP + 2MP,32MP,7s Gen2 Processor
"realme 14 Pro Lite 5G (Glass Purple, 256 GB)",realme,23999,4.3,934,53,8,256,5200,6.7,50MP + 8MP + 2MP,32MP,7s Gen2 Processor
"POCO M2 Pro (Green and Greener, 128 GB)",POCO,16999,4.4,155,930,6,128,5000,6.67,48MP + 8MP + 5MP + 2MP,16MP,Qualcomm Snapdragon 720G Processor
"POCO M8 (Frost Silver, 128 GB)",POCO,18999,4.5,128,99,8,128,5520,6.77,50MP,20MP,0
"Samsung Galaxy A36 5G (Awesome Black, 128 GB)",Samsung,32499,4.4,37,162,8,128,5000,6.7,50MP + 8MP,12MP,Qualcomm Snapdragon 6 Gen 3 Processor
"Samsung Galaxy A17 5G (Black, 128 GB)",Samsung,17549,4.4,595,39,6,128,5000,6.7,50MP + 5MP + 2MP,13MP,Samsung Exynos 1330 Processor
"Nokia 235 4G Dual SIM Keypad Phone, Scan & Pay UPI, USB Type C",Nokia,4129,3.7,412,92,64,128,1450,2.8,2MP,0,0
"KARBONN K2Stylo,Dual SIM Keypad Mobile 2.4''LCD 1750mAh Battery Type C Memory Card 32GB",KARBONN,1309,4.1,232,16,35,45,1750,2.4,0.5MP + 0MP,0.5MP,NA Processor
"POCO C51 - Locked with Airtel Prepaid (Royal Blue, 64 GB)",POCO,8499,4,572,310,4,64,5000,6.52,8MP Dual,5MP,Helio G36 Processor
"LAVA Shark (Titanium Gold, 64 GB)",LAVA,8299,4.2,276,9,4,64,5000,6.67,50MP,0,Octa-core Processor
"realme Gt 7 (Icesense Blue, 512 GB)",realme,41999,4.4,561,50,12,512,7000,6.78,50MP + 50MP + 50MP + 8MP,32MP + 32MP Dual,Dimensity Processor
"POCO M7 5G  - Locked with Airtel Prepaid (Satin Black, 128 GB)",POCO,11749,4.1,989,637,6,128,5160,6.88,50MP,8MP,4 Gen 2 5G Processor
"Motorola Edge 50 Fusion (Forest Green, 128 GB)",Motorola,18999,4.4,598,29,8,128,5000,6.7,50MP + 13MP,32MP,7s Gen 2 Processor
"Nothing Phone (3a) Pro (Black, 256 GB)",Nothing,33999,4.4,639,511,12,256,5000,0,50MP (Main) + 50MP (3X Periscope)+ 8MP (Ultra-Wide),50MP,7s Gen3 Processor
"IQOO 15R 5G (Triumph Silver, 256 GB)",IQOO,47990,4.2,26,2,12,256,7600,6.59,50MP,0,0
Micromax X1i Smart Plus,Micromax,902,3.6,321,18,32,32,1750,2.4,0.08MP,0,0
"POCO F7 5G (Phantom Black, 256 GB)",POCO,35999,4.4,799,156,12,256,7550,6.83,Front camera -20MP with Portrait Mode,,8s Gen 4 Processor
"realme 14 Pro+ 5G (Suede Grey, 256 GB)",realme,25999,4.4,531,356,8,256,6000,6.83,50MP + 50MP + 8MP,32MP,7s Gen 3 Mobile Platform Processor
"Nokia 106 Dual Sim Keypad Phone, Built-in UPI Payments App, MP3 Player",Nokia,1544,3.5,21,60,32,32,1000,1.77,0MP,0MP,0
"realme P3 5G (Nebula Pink, 128 GB)",realme,15999,4.4,326,158,6,128,6000,6.67,50MP + 2MP,16MP,6 Gen 4 Processor
"Samsung Galaxy A17 5G (Black, 256 GB)",Samsung,25480,4.3,762,51,8,256,5000,6.7,50MP + 5MP + 2MP,13MP,Samsung Exynos 1330 Processor
"Motorola g45 5G (Brilliant Green, 128 GB)",Motorola,10999,4.3,579,76,4,128,5000,6.5,50MP + 2MP,16MP,Snapdragon 6s Gen 3 Processor
"POCO X7 Pro 5G (Obsidian Black, 256 GB)",POCO,23999,4.3,580,888,8,256,6550,6.67,50MP + 8MP,20MP,Dimensity D8400 Ultra Processor
"realme P3 Pro 5G (Nebula Glow, 256 GB)",realme,23999,4.4,436,313,12,256,6000,6.83,50MP + 2MP,16MP,7s Gen 3 Mobile Platform Processor
"POCO M7 Plus 5G (Carbon Black, 128 GB)",POCO,15999,4.3,636,273,8,128,7000,6.9,50MP AI Dual Camera,0,Snapdragon 6s Gen 3 5G Processor
"Tecno Pova Curve 5G (Geek Black, 256 GB)",Tecno,19988,4.4,678,162,8,256,5500,6.78,64MP,13MP,Dimensity 7300 Ultimate Processor
"IQOO 15R 5G (Triumph Silver, 512 GB)",IQOO,54888,4.2,26,2,12,512,7600,6.59,50MP,0,0
"Motorola G85 5G (Viva Magenta, 128 GB)",Motorola,15999,4.4,107,851,8,128,5000,6.67,50MP + 8MP,32MP,6s Gen 3 Processor
"MOTOROLA Edge 60 5G (PANTONE Shamrock, 256 GB)",MOTOROLA,25999,4.3,97,416,12,256,5500,6.67,50MP + 50MP + 10MP,50MP,Dimensity 7400 Processor
"Samsung M36 5G (Black, 256 GB)",Samsung,25170,4.1,458,22,8,256,5000,6.7,50MP,0,0
"realme Gt 7 (Icesense Black, 256 GB)",realme,38999,4.4,561,50,12,256,7000,6.78,50MP + 50MP + 50MP + 8MP,32MP + 32MP Dual,Dimensity Processor
MOTOROLA A10V DS Keypad Phone with Voice Feature|800 mAh Battery|Wireless FM Recording,MOTOROLA,1134,4,565,676,4,32,800,1.8,0,0,0
"realme 14 Pro+ 5G (Suede Grey, 512 GB)",realme,37999,4.4,114,967,12,512,6000,6.83,50MP + 50MP + 8MP,32MP,7s Gen 3 Mobile Platform Processor
"Samsung Galaxy A17 5G (Gray, 128 GB)",Samsung,17599,4.4,595,39,6,128,5000,6.7,50MP + 5MP + 2MP,13MP,Samsung Exynos 1330 Processor
"IQOO Neo 10 (Inferno Red, 512 GB)",IQOO,44999,4.7,225,15,16,512,7000,6.78,50MP + 50MP + 8MP,32MP + 32MP Dual,Qualcomm Processor
"Samsung Galaxy F15 5G (Jazzy Green, 128 GB)",Samsung,14999,4.2,377,719,6,128,6000,6.5,50MP + 5MP + 2MP,13MP,MediaTek Dimensity 6100+ Processor
"Xiaomi 14 CIVI (Shadow Black, 256 GB)",Xiaomi,39999,4.3,871,223,8,256,4700,6.55,50MP,32MP + 32MP Dual,8s Gen 3 Mobile Platform Processor
LAVA A5 2025,LAVA,1249,4.1,663,703,4,24,1200,2.4,0.3MP + 0MP,0MP,Mtk Processor
"MOTOROLA Edge 60 Pro (Pantone Dazzling Blue, 256 GB)",MOTOROLA,33999,4.3,913,172,12,256,6000,6.7,50MP + 50MP + 10MP,50MP,Dimensity 8350 Processor
"IQOO Z10 5G (Stellar Black / Black, 256 GB)",IQOO,29999,4.4,304,71,12,256,7300,6.7,50MP,0,0
"vivo T4 Lite 5G Charger in the Box (Titanium Gold, 64 GB)",vivo,12999,4.4,866,408,4,64,6000,6.74,50MP + 2MP,5MP,Dimensity 6300 5G Processor
"vivo T4 Lite 5G Charger in the Box (Prism Blue, 64 GB)",vivo,12999,4.4,866,408,4,64,6000,6.74,50MP + 2MP,5MP,Dimensity 6300 5G Processor
GFive G9000i,GFive,599,4,125,11,32,32,2500,1.8,0.3MP,0,0
MOTOROLA A50V Dual Sim Keypad Phone|1750 mAh Battery|1.8inch Display|Expandable Upto 32GB,MOTOROLA,1229,4.1,957,99,4,0,1750,1.8,0,0,0
"Samsung Galaxy A14 5G (Light Green, 128 GB)",Samsung,15499,4.2,994,201,4,128,5000,6.6,50MP + 2MP + 2MP,13MP,Exynos 1330 Processor
"Apple iPhone 17 (Mist Blue, 512 GB)",Apple,102900,4.6,651,410,0,0,0,6.3,48MP + 48MP,18MP,"A19 Chip, 6 Core Processor Processor"
Jmax Super,Jmax,500,0,0,0,32,32,1100,1.8,0.3MP,0,0
"Samsung Galaxy F16 5G (Vibing Blue, 128 GB)",Samsung,13999,4.2,781,655,6,128,5000,6.657,50MP + 5MP + 2MP,13MP,Dimensity 6300 Processor
"hmd 105 Dual Sim Keypad Phone with Built-in UPI App, Wireless FM Radio",hmd,1499,3.8,897,353,4,4,1000,2,0,0,SC6531E Processor
"Samsung Galaxy S26 Ultra 5G (Black, 256 GB)",Samsung,139999,4.5,189,19,12,256,5000,6.9,200MP + 50MP,12MP,Snapdragon 8 Elite Gen 5 Processor
"Samsung Galaxy S26 Ultra 5G (Sky Blue, 256 GB)",Samsung,139999,4.5,189,19,12,256,5000,6.9,200MP + 50MP,12MP,Snapdragon 8 Elite Gen 5 Processor
"LAVA A5 2023 Keypad Mobile, LED Torch, FM Radio,Call Recording, Expandable Upto 32 GB",LAVA,1122,3.9,641,36,32,24,1000,2.4,0.3MP,0,0
"Infinix Note 50x 5G+ 45W Charger In the Box & AI (Sea Breeze Green, 128 GB)",Infinix,14999,4.3,168,415,8,128,5500,6.67,50MP + AI Lens,8MP,Dimensity 7300 Ultimate Processor
"Apple iPhone 17 Pro (Silver, 1 TB)",Apple,174900,4.7,999,77,0,0,0,6.3,48MP + 48MP + 48MP,18MP,"A19 Chip, 6 Core Processor Processor"
"Samsung Galaxy F16 5G (Glam Green, 128 GB)",Samsung,15499,4.2,691,234,8,128,5000,6.657,50MP + 5MP + 2MP,13MP,Dimensity 6300 Processor
"realme P3 Ultra 5G (Glowing Lunar White, 256 GB)",realme,29999,4.5,442,393,12,256,6000,6.83,50MP + 8MP,16MP,Dimensity 8350 Ultra Processor
"realme P3 Ultra 5G (Orion Red, 256 GB)",realme,29999,4.5,442,393,12,256,6000,6.83,50MP + 8MP,16MP,Dimensity 8350 Ultra Processor
"Samsung Galaxy F56 5G (Green, 128 GB)",Samsung,23499,4.4,311,19,8,128,5000,6.7,50MP + 8MP + 2MP,12MP,Exynos 1480 Processor
Snexian ROCK 7600,Snexian,999,3.6,519,27,512,256,1000,1.8,0.3MP,0,0
"POCO X3 Pro (Graphite Black, 128 GB)",POCO,18999,4.3,394,302,6,128,5160,6.67,48MP + 8MP + 2MP + 2MP,20MP,Snapdragon 860 Processor
"IQOO Z9s 5G (Titanium Matte, 128 GB)",IQOO,22799,4.4,412,594,8,128,5500,6.77,50MP,0,0
Kechaoda K28 PRO,Kechaoda,1249,3.9,339,17,32,64,3000,2.4,0.3MP,0,0
"MOTOROLA Edge 50 (Peach Fuzz, 256 GB)",MOTOROLA,21999,4.3,518,993,8,256,5000,6.67,50MP + 13MP + 10MP,32MP,Snapdragon 7 Gen 1 Accelerated Edition Processor
HOTLINE Classic HC56 (Gold),HOTLINE,450,3.5,91,3,32,32,3000,1.8,1MP + 0MP,0MP,QUALCOMM Processor
"LG K42 (Gray, 64 GB)",LG,11649,4,404,80,3,64,4000,6.6,13MP + 5MP + 2MP + 2MP,8MP,MediaTek Helio P22 (MT6762) Processor
"realme P3 Pro 5G (Nebula Glow, 128 GB)",realme,20999,4.4,129,431,8,128,6000,6.83,50MP + 2MP,16MP,7s Gen 3 Mobile Platform Processor
"realme P3 Pro 5G (Saturn Brown, 128 GB)",realme,20999,4.4,129,431,8,128,6000,6.83,50MP + 2MP,16MP,7s Gen 3 Mobile Platform Processor
"realme P3 Pro 5G (Galaxy Purple, 128 GB)",realme,20999,4.4,129,431,8,128,6000,6.83,50MP + 2MP,16MP,7s Gen 3 Mobile Platform Processor
itel it5262,itel,1459,4,717,142,4,4,2000,2.4,0.8MP,0,0
"POCO F6 5G (Titanium, 512 GB)",POCO,33999,4.3,406,869,12,512,5000,6.67,50MP (OIS) + 8MP,20MP,8s Gen3 Processor
"Samsung Galaxy S24 5G Snapdragon (Cobalt Violet, 128 GB)",Samsung,49999,4.6,632,666,8,128,4000,6.2,50MP + 12MP,12MP,8 Gen 3 Processor
"Samsung Galaxy A17 5G (Gray, 256 GB)",Samsung,25440,4.3,762,51,8,256,5000,6.7,50MP + 5MP + 2MP,13MP,Samsung Exynos 1330 Processor
"realme 15T 5G (Flowing Silver, 128 GB)",realme,25999,4.3,901,448,8,128,7000,6.57,50MP + 2MP,50MP,MediaTek Dimensity 6400 MAX Processor
Kechaoda A27,Kechaoda,940,4,646,881,32,32,800,0.66,0MP,0MP,NA Processor
"Samsung Galaxy A07 LTE (Light Violet, 64 GB)",Samsung,8799,4.4,293,17,4,64,5000,6.7,50MP + 2MP,0,Helio G99 Processor
"Samsung Galaxy M17 5G (Sapphire Black, 128 GB)",Samsung,14399,4.3,433,24,4,128,5000,6.7,50MP,0,0
itel Ace2 Heera | King Talker | Auto Call Recording | Expendable Storage32GB,itel,870,3.9,397,21,32,32,1000,1.8,0,0,0
"realme P3 Ultra 5G (Glowing Lunar White, 256 GB)",realme,25999,4.4,152,27,8,256,6000,6.83,50MP + 8MP,16MP,Dimensity 8350 Ultra Processor
"realme P3 Ultra 5G (Orion Red, 256 GB)",realme,25999,4.4,152,27,8,256,6000,6.83,50MP + 8MP,16MP,Dimensity 8350 Ultra Processor
"Apple iPhone 15 Plus (Pink, 128 GB)",Apple,69900,4.6,776,599,0,0,0,6.7,48MP + 12MP,12MP,"A16 Bionic Chip, 6 Core Processor Processor"
"amaq 4G/VOLTE supported Dual Sim, Touch and Keypad,Feature phone",amaq,2498,3.9,72,4,64,512,3000,2.8,0.3MP,0,0
"Tecno Pova Slim 5G (Sky Blue, 128 GB)",Tecno,20949,4.3,56,77,8,128,5160,6.78,50MP + 2MP,13MP,Dimensity 6400 5G Processor
Jmax Super,Jmax,569,0,0,0,32,32,1100,1.8,0.3MP,0,0
"Samsung Galaxy A17 5G (Blue, 256 GB)",Samsung,25460,4.3,762,51,8,256,5000,6.7,50MP + 5MP + 2MP,13MP,Samsung Exynos 1330 Processor
Jmax PI,Jmax,998,3.6,121,6,32,32,1000,1.44,0.3MP,0,0
KARBONN K1 4G,KARBONN,765,3.7,46,100,20,36,1000,1.8,2MP,0,0
"MOTOROLA Edge 70 (PANTONE Lily Pad, 256 GB)",MOTOROLA,29999,4.4,517,228,8,256,5000,6.7,50MP + 50MP,50MP,Snapdragon® 7 Gen 4 Processor
"POCO X8 Pro (Green, 256 GB)",POCO,35999,4.6,54,8,12,256,6500,6.59,50MP + 8MP,20MP,Dimensity 8500-Ultra Processor
"Infinix Note 50x 5G+ 45W Charger In the Box & AI (Titanium Grey, 128 GB)",Infinix,13499,4.3,32,486,6,128,5500,6.67,50MP + AI Lens,8MP,Dimensity 7300 Ultimate Processor
"POCO X8 Pro (Black, 256 GB)",POCO,35999,4.6,54,8,12,256,6500,6.59,50MP + 8MP,20MP,Dimensity 8500-Ultra Processor
"realme P4 Pro 5G (Birch Wood, 128 GB)",realme,27999,4.4,63,487,8,128,7000,6.8,50MP + 8MP,50MP,Snapdragon 7 Gen 4 Mobile Processor
"Infinix Note 50x 5G+ 45W Charger In the Box & AI (Sea Breeze Green, 128 GB)",Infinix,13499,4.3,32,486,6,128,5500,6.67,50MP + AI Lens,8MP,Dimensity 7300 Ultimate Processor
"POCO M6 5G - Locked with Airtel Prepaid (Orion Blue, 128 GB)",POCO,10499,4.2,219,470,4,128,5000,6.74,50MP,5MP,Mediatek Dimensity 6100+ Processor
"vivo Y18 (Space Black, 64 GB)",vivo,11999,4.1,753,61,4,64,5000,6.56,50MP + 0.08MP,8MP,G85 Processor
"Infinix Note 50x 5G+ 45W Charger In the Box & AI (Enchanted Purple, 128 GB)",Infinix,14999,4.3,168,415,8,128,5500,6.67,50MP + AI Lens,8MP,Dimensity 7300 Ultimate Processor
"OnePlus 12 (Glacial White, 256 GB)",OnePlus,46979,4.6,556,120,12,256,5400,6.82,50MP,0,Qualcomm SM8650-AB Snapdragon 8 Gen 3 (4 nm) Processor
"POCO M6 Plus 5G (Graphite Black, 128 GB)",POCO,13499,4.2,968,375,6,128,5030,6.79,108MP + 2MP,13MP,Snapdragon 4 Gen2 AE Processor
"REDMI 15C 5G (Moonlight Blue, 128 GB)",REDMI,16888,4.4,114,6,8,128,6000,6.9,50MP,0,0
"realme 15x 5G (Maroon Red, 128 GB)",realme,23999,4.3,673,257,8,128,7000,6.8,50MP,50MP,Dimensity 6300 6nm Octa-core chipset Processor
"realme P3 Ultra 5G (Neptune Blue, 256 GB)",realme,29999,4.5,442,393,12,256,6000,6.83,50MP + 8MP,16MP,Dimensity 8350 Ultra Processor
"realme 15x 5G (Maroon Red, 128 GB)",realme,21999,4.4,374,280,6,128,7000,6.8,50MP,50MP,Dimensity 6300 6nm Octa-core chipset Processor
"realme P3 Ultra 5G (Orion Red, 128 GB)",realme,23999,4.4,152,27,8,128,6000,6.83,50MP + 8MP,16MP,Dimensity 8350 Ultra Processor
"Google Pixel 10 (Indigo, 256 GB)",Google,79999,4.5,56,126,12,256,4970,6.3,48MP + 13MP + 10.8MP,10.5MP,Tensor G5 Processor
"REDMI 13 5G (Hawaiian Blue, 128 GB)",REDMI,12499,4.3,391,417,6,128,5030,6.79,108MP + 2MP,13MP,4 Gen 2 AE Processor
"REDMI 13 5G (Hawaiian Blue, 128 GB)",REDMI,13999,4.2,548,809,8,128,5030,6.79,108MP + 2MP,13MP,4 Gen 2 AE Processor
"REDMI 15C 5G (Midnight Black, 128 GB)",REDMI,16890,4.4,114,6,8,128,6000,6.9,50MP,0,0
"Apple iPhone 17 Pro Max (Deep Blue, 256 GB)",Apple,149900,4.8,622,41,0,0,0,6.9,48MP + 48MP + 48MP,18MP,"A19 Chip, 6 Core Processor Processor"
"Motorola G34 5G (Charcoal Black, 128 GB)",Motorola,14999,4.2,553,5,8,128,5000,6.5,50MP + 2MP,16MP,Snapdragon 695 5G Processor
"realme Gt 7 (Icesense Black, 256 GB)",realme,36999,4.4,569,66,8,256,7000,6.78,50MP + 50MP + 50MP + 8MP,32MP + 32MP Dual,Dimensity Processor
"CMF by Nothing Phone 2 Pro (Orange, 128 GB)",CMF,18999,4.4,247,500,8,128,5000,6.77,50MP + 50MP + 8MP,16MP,Dimensity 7300 Pro 5G Processor
Samsung Sm-B110E/D,Samsung,2001,2.8,114,8,16,16,800,1.5,0,0,0
"realme P3 5G (Space Silver, 256 GB)",realme,18499,4.4,39,464,8,256,6000,6.67,50MP + 2MP,16MP,6 Gen 4 Processor
"Nokia 110 Power Keypad Phone,Dual SIM, Camera, Long Lasting Battery,Phone Talker",Nokia,1764,4,46,3,4,4,1750,2,0,0,0
"vivo Y400 Pro 5G (Nebula Purple, 128 GB)",vivo,25999,4.4,704,88,8,128,5500,6.77,50MP + 2MP,32MP,Dimensity 7300 Processor
"vivo Y400 Pro 5G (Fest Gold, 128 GB)",vivo,25999,4.4,704,88,8,128,5500,6.77,50MP + 2MP,32MP,Dimensity 7300 Processor
"POCO C85x (Elite Black, 128 GB)",POCO,11999,4.5,151,11,4,128,6300,6.9,32MP,0,T8300 Processor
"vivo Y400 Pro 5G (Nebula Purple, 256 GB)",vivo,27999,4.4,704,88,8,256,5500,6.77,50MP + 2MP,32MP,Dimensity 7300 Processor
"vivo Y400 Pro 5G (Freestyle White, 256 GB)",vivo,27999,4.4,704,88,8,256,5500,6.77,50MP + 2MP,32MP,Dimensity 7300 Processor
FONEME Mini40,FONEME,739,3.8,13,0,4,4,600,0.66,0.3MP + 0MP,0,mediatek Processor
"OPPO K13x 5G 6000mAh and 45W SUPERVOOC Charger & AI (Breeze Blue, 128 GB)",OPPO,13999,4.5,165,370,6,128,6000,6.67,50MP + 2MP,8MP,Dimensity 6300 Processor
"realme 16 Pro 5G (Orchid Purple, 256 GB)",realme,36999,4.4,519,142,8,256,7000,6.78,200MP + 8MP,50MP,Dimensity 7300 Max Processor
"vivo V60 5G (Moonlit Blue, 256 GB)",vivo,35686,4.5,536,269,8,256,6500,6.77,50MP + 8MP + 50MP,50MP,7 Gen 4 Processor
HOTLINE CRYSTAL CARD,HOTLINE,899,3.3,68,2,32,32,1000,1.44,0.3MP,0,0
"KARBONN K2Stylo,Dual SIM Keypad Mobile 2.4''LCD 1750mAh Battery Type C Memory Card 32GB",KARBONN,1299,4.1,232,16,35,45,1750,2.4,0.5MP,0.5MP,NA Processor
"vivo V60 5G (Auspicious Gold, 512 GB)",vivo,45999,4.5,854,65,16,512,6500,6.77,50MP + 8MP + 50MP,50MP,7 Gen 4 Processor
"vivo T3 Pro 5G (Sandstone Orange, 128 GB)",vivo,22999,4.5,246,650,8,128,5500,6.77,50MP + 8MP,16MP,Snapdragon 7 Gen 3 Processor
"Motorola g72 (Meteorite Grey, 128 GB)",Motorola,21999,4.1,549,25,6,128,5000,6.55,108MP + 8MP + 2MP,16MP,Mediatek Helio G99 Processor
"vivo V60 5G (Moonlit Blue, 256 GB)",vivo,38115,4.5,456,109,12,256,6500,6.77,50MP + 8MP + 50MP,50MP,7 Gen 4 Processor
"REDMI 13 5G (Black Diamond, 128 GB)",REDMI,16299,4.2,548,809,8,128,5030,6.79,108MP,0,0
Jio jiobharat Karbonn K1 4G,Jio,980,3.6,411,18,36,36,1000,1.77,0.2MP,0MP,NA Processor
"amaq 4G/VOLTE supported Dual Sim, Touch and Keypad mobile",amaq,2480,3.8,661,52,64,256,3000,2.8,0.3MP,0,0
Snexian Bold V1,Snexian,2299,4,399,15,32,32,1000,1.8,0.3MP,0,0
"REDMI 13 5G (Hawaiian Blue, 128 GB)",REDMI,17999,4.3,391,417,6,128,5030,6.79,108MP,0,Qualcomm SM4450 Snapdragon 4 Gen 2 AE (4 nm) Processor
"Samsung Galaxy S26 Ultra 5G (Sky Blue, 512 GB)",Samsung,129999,4.5,189,19,12,512,5000,6.9,200MP + 50MP,12MP,Snapdragon 8 Elite Gen 5 Processor
"vivo T3 Pro 5G (Sandstone Orange, 256 GB)",vivo,24999,4.5,246,650,8,256,5500,6.77,50MP + 8MP,16MP,Snapdragon 7 Gen 3 Processor
BlackZone PEPSO,BlackZone,959,4.2,60,13,32,32,800,1,0.3MP,0,0
"Samsung Galaxy Z Flip7 FE 5G (White, 256 GB)",Samsung,95999,4.3,45,2,8,256,4000,6.7,50MP + 12MP,10MP,Exynos 2400 Processor
Kechaoda A26,Kechaoda,899,4,724,654,32,32,800,0.66,0MP,0MP,NA Processor
Jio JioBharat V4 4G,Jio,706,3.8,965,288,20,36,1000,1.77,0.3MP,0,0
"REDMI Note 14 Pro 5G (Titan Black, 256 GB)",REDMI,23999,4.4,762,391,8,256,5500,6.67,50MP + 8MP + 2MP,20MP,Dimensity 7300 Ultra Processor
"REDMI Note 14 Pro 5G (Phantom Purple, 256 GB)",REDMI,23858,4.4,762,391,8,256,5500,6.67,50MP + 8MP + 2MP,20MP,Dimensity 7300 Ultra Processor
"Apple iPhone 17e (Soft Pink, 256 GB)",Apple,64900,4.9,25,0,0,0,0,6.1,48MP,"A19 chip, 6 Core",0
"vivo T3 Pro 5G (Emerald Green, 256 GB)",vivo,24999,4.5,246,650,8,256,5500,6.77,50MP + 8MP,16MP,Snapdragon 7 Gen 3 Processor
"REDMI 15C 5G (Midnight Black, 128 GB)",REDMI,14449,4.1,147,5,4,128,6000,6.9,50MP,0,0
"Samsung Galaxy S25 Edge 5G (Titanium Jetblack, 256 GB)",Samsung,89999,4.7,65,5,12,256,3900,6.657,200MP + 12MP,12MP,Qualcomm Snapdragon 8 Elite for Galaxy Processor
G'Five A26I,G'Five,777,3.6,14,0,32,32,800,0.66,0,0,0
"Google Pixel 10 (Frost, 256 GB)",Google,79999,4.5,56,126,12,256,4970,6.3,48MP + 13MP + 10.8MP,10.5MP,Tensor G5 Processor
"vivo T3 Pro 5G (Emerald Green, 128 GB)",vivo,22999,4.5,246,650,8,128,5500,6.77,50MP + 8MP,16MP,Snapdragon 7 Gen 3 Processor
"Motorola g45 5G (Viva Magenta, 128 GB)",Motorola,10999,4.3,579,76,4,128,5000,6.5,50MP + 2MP,16MP,Snapdragon 6s Gen 3 Processor
Kechaoda K-9,Kechaoda,1326,4,804,153,64,64,2000,2.2,0.3MP,0,0
"POCO X3 Pro (Steel Blue, 128 GB)",POCO,20999,4.3,401,332,8,128,5160,6.67,48MP + 8MP + 2MP + 2MP,20MP,Qualcomm Snapdragon 860 Processor
"REDMI 13 5G (Orchid Pink, 128 GB)",REDMI,12499,4.3,391,417,6,128,5030,6.79,108MP + 2MP,13MP,4 Gen 2 AE Processor
"realme 15 Pro 5G (Velvet Green, 128 GB)",realme,30999,4.3,363,813,8,128,7000,6.8,50MP + 50MP,50MP,Snapdragon 7 Gen 4 Processor
"realme 15 Pro 5G (Velvet Green, 256 GB)",realme,32999,4.3,363,813,8,256,7000,6.8,50MP + 50MP,50MP,Snapdragon 7 Gen 4 Processor
"realme C83 5G (Sprouting Green, 128 GB)",realme,14999,4.4,70,13,4,128,7000,6.8,13MP,5MP,Dimensity 6300 Processor
"Infinix Note 50x 5G+ 45W Charger In the Box & AI (Enchanted Purple, 128 GB)",Infinix,13499,4.3,32,486,6,128,5500,6.67,50MP + AI Lens,8MP,Dimensity 7300 Ultimate Processor
"realme P4 Pro 5G (Dark Oak Wood, 256 GB)",realme,32999,4.4,287,361,12,256,7000,6.8,50MP + 8MP,50MP,Snapdragon 7 Gen 4 Mobile Processor
"vivo V60e (Elite Purple, 256 GB)",vivo,35999,4.5,180,74,12,256,6500,6.77,200MP + 8MP,50MP,Dimensity 7360-Turbo Processor
"Tecno Pova 7 Pro 5G (Neon Cyan, 256 GB)",Tecno,19374,4.4,614,470,8,256,6000,6.78,64MP + 8MP,13MP,Dimensity 7300 Ultimate Processor
"vivo V60e (Noble Gold, 128 GB)",vivo,31999,4.4,238,194,8,128,6500,6.77,200MP + 8MP,50MP,Dimensity 7360-Turbo Processor
"Samsung Galaxy S26 Ultra 5G (Cobalt Violet, 256 GB)",Samsung,139999,4.5,189,19,12,256,5000,6.9,200MP + 50MP,12MP,Snapdragon 8 Elite Gen 5 Processor
"Samsung S25 Ultra 5G (Titanium Gray, 256 GB)",Samsung,129999,4.7,396,26,12,256,5000,6.9,200MP + 50MP + 50MP + 10MP,12MP,8 Elite for Galaxy Processor
"realme C63 5G Charger in the Box (Forest Green, 128 GB)",realme,10999,4.5,87,740,6,128,5000,6.67,32MP,8MP,Dimensity 6300 Processor
